"","baseMean","log2FoldChange","lfcSE","stat","pvalue","padj"
"hsa-miR-590-3p",16.4556429078577,-0.640856976871379,0.505674930357317,-1.2673299354954,0.205037340895805,0.996893883742872
"hsa-let-7f-2-5p",843.547555552605,-0.725257630049234,0.465109783557325,-1.55932568113748,0.118919316406345,0.996893883742872
"hsa-miR-30c-2-3p",22.3603804626409,-0.21381571474483,0.536947424133784,-0.39820605358106,0.690478304055698,0.996893883742872
"hsa-miR-1254-1-5p",15.7135452991788,0.8387427015136,0.515011841419692,1.62858915865217,0.103400020844609,0.996893883742872
"hsa-miR-4485-3p",54.4255172349254,0.57646733662331,0.541887610601754,1.06381346490494,NA,NA
"hsa-miR-1273d-3p",15.8392605270366,-0.00200670601179536,0.515471916751572,-0.00389294925015766,0.996893883742872,0.996893883742872
"hsa-miR-9-3-3p",19.2186634702068,0.0418398270898198,0.500314403848218,0.0836270688351258,0.933352944497934,0.996893883742872
"hsa-miR-8485-3p",24.8654393034023,-0.120400944619666,0.402593712547892,-0.299063151924766,0.764891860830043,0.996893883742872
"hsa-miR-195-5p",2.88606623081232,-0.361204445552938,0.500425020372703,-0.721795335660722,0.470420317590103,0.996893883742872
"hsa-miR-3176-3p",7.19782715307693,-0.0950698067737713,0.544384739832578,-0.174637163420506,0.861364745107638,0.996893883742872
"hsa-miR-422a-5p",16.102733031305,0.180642350124702,0.50283316120979,0.35924907913807,0.71940876396916,0.996893883742872
"hsa-miR-4474-3p",3.01592346529946,-0.0904479560231588,0.537891520659162,-0.16815278276244,0.866463085828262,0.996893883742872
"hsa-miR-3135b-3p",6.61006886185511,0.0127561771510196,0.544429009683147,0.0234303773754517,0.981306974011608,0.996893883742872
"hsa-miR-20a-5p",9695.70656424295,0.0711774765420559,0.508138045661769,0.140075078317268,0.888600671060124,0.996893883742872
"hsa-miR-320b-1-3p",486.221547029581,0.735066861740329,0.492831353283422,1.49151805550326,0.135825534421727,0.996893883742872
"hsa-miR-3929-3p",40.6212242960728,-0.00270225467972522,0.540666236793866,-0.00499800893014793,0.996012182442563,0.996893883742872
"hsa-miR-30d-5p",1548.75952942791,-0.347847950911534,0.414821569991091,-0.838548368926439,0.401722794240455,0.996893883742872
"hsa-miR-205-5p",61.5841199367168,-1.91377665162819,0.544562402869116,-3.51433856165088,NA,NA
"hsa-miR-320d-2-3p",67.1034802342564,0.217010704340992,0.506678280947847,0.428300782766982,0.6684321491118,0.996893883742872
"hsa-miR-548an-5p",3.2397924676687,0.0356141830936961,0.535729804467077,0.0664778826877547,0.9469973658094,0.996893883742872
"hsa-miR-204-5p",3.20093138672077,-0.0388982126787907,0.526323580066738,-0.0739055101309701,0.941085571391612,0.996893883742872
"hsa-miR-320b-2-3p",572.177971067428,0.621866837097488,0.472004612021003,1.31750161176352,0.187670541168276,0.996893883742872
"hsa-miR-342-3p",24.15362321671,-0.466380091401858,0.509950630144749,-0.914559300121811,0.360423033371815,0.996893883742872
"hsa-miR-548h-3-3p",9.67983271502317,0.108904384224003,0.524708976657011,0.207551974654306,0.835578806341698,0.996893883742872
"hsa-miR-744-3p",5.47525193559202,0.687629034342943,0.544542560994073,1.26276453595778,0.206673813290909,0.996893883742872
"hsa-miR-619-5p",17.6583516728324,0.023913061792559,0.530390472784961,0.0450857679758027,0.964038945397318,0.996893883742872
"hsa-miR-106a-5p",279.061900940643,-0.0540918816011817,0.498450267754261,-0.10852011745302,0.913583123330704,0.996893883742872
"hsa-miR-1271-5p",8.52637053255804,-0.025735416855325,0.542351760194642,-0.0474515226908989,0.96215336606769,0.996893883742872
"hsa-miR-15a-5p",25.2819893678419,-0.213977050334029,0.504869482279723,-0.423826469700292,0.671692372422107,0.996893883742872
"hsa-miR-1296-5p",14.2258403771422,0.467442910962482,0.513248013661703,0.910754447206858,0.362424768957124,0.996893883742872
"hsa-miR-5684-3p",8.55764851462501,0.0857198019976372,0.542156982883013,0.158108822175097,0.874371048964906,0.996893883742872
"hsa-miR-93-5p",3545.77888850776,-0.0394136885510239,0.51566667291018,-0.0764324914165805,0.9390750207893,0.996893883742872
"hsa-miR-3929-5p",6.05226738763488,0.109020667463463,0.543326720748674,0.200653977248236,0.840969148555608,0.996893883742872
"hsa-miR-502-3p",161.39625997743,0.0169150874329751,0.492503138408728,0.0343451363327908,0.972601932494315,0.996893883742872
"hsa-miR-561-5p",15.2246619831891,-0.0446776220802473,0.528972945463061,-0.0844610720896826,0.932689852181885,0.996893883742872
"hsa-miR-151a-5p",58.531671584671,-0.448051309425084,0.510366120989602,-0.877901747389326,0.379997040856623,0.996893883742872
"hsa-miR-7641-1-3p",261.684459683348,-0.876329412163415,0.536737195662093,-1.63269737824378,NA,NA
"hsa-miR-9-2-3p",8.24982960599993,-0.32106882722864,0.527583243352666,-0.608565247804924,0.542812645244078,0.996893883742872
"hsa-miR-423-5p",515.412804214193,0.584462596008002,0.478330636132378,1.22187991288572,0.221753042667992,0.996893883742872
"hsa-miR-500a-3p",187.577731489314,0.0969255518550961,0.498198173918519,0.194552202174367,0.845743525061115,0.996893883742872
"hsa-miR-200c-3p",10.8988980058412,-0.730629887136268,0.539086377399139,-1.35531135225721,0.175318379632667,0.996893883742872
"hsa-miR-629-5p",926.299230167158,0.224986304061929,0.504689784168274,0.4457912783646,0.655748022434319,0.996893883742872
"hsa-let-7i-5p",127.735119819891,-0.967856051983411,0.486069174875096,-1.9911899417035,0.0464600092423292,0.996893883742872
"hsa-miR-548ad-5p",12.4555441446667,0.41880423897972,0.531692917272092,0.787680680661387,0.430883508794744,0.996893883742872
"hsa-miR-486-1-5p",34.9401925959667,0.197880245146857,0.485914433931149,0.40723269639464,0.683837089429954,0.996893883742872
"hsa-miR-330-3p",45.377710233415,0.321005921425022,0.459669432773394,0.698340804365103,0.484964086659066,0.996893883742872
"hsa-miR-23a-3p",48.6881779779204,-0.454467931109983,0.478520932259216,-0.949734693870814,0.342247076454937,0.996893883742872
"hsa-miR-1273a-5p",42.0530180832095,0.259047202691909,0.503682153525298,0.514306891516453,0.607037444256469,0.996893883742872
"hsa-miR-374b-3p",8.9191764956036,-0.472669138994036,0.539217312188094,-0.876583760035426,0.380712763216557,0.996893883742872
"hsa-miR-548ay-5p",25.3897535375603,0.429289847172469,0.5087139190747,0.843872815497766,0.398740480424022,0.996893883742872
"hsa-miR-450a-2-5p",66.5252383901585,-0.151758745645435,0.53369681052134,-0.284353855323194,0.776139218076136,0.996893883742872
"hsa-miR-21-5p",6501.35907263173,-1.23082672792101,0.494314088242452,-2.48996894322241,0.0127754258240063,0.928347609877793
"hsa-miR-365b-3p",10.1452336480525,-0.531292358244273,0.543054966265955,-0.97833993103394,0.327906226753256,0.996893883742872
"hsa-miR-1973-3p",2.32284049433274,0.229679341088128,0.286868112481409,0.800644376614053,NA,NA
"hsa-let-7f-2-3p",3.80135322008443,0.819577877539515,0.535429266339001,1.53069308882456,0.125845262658765,0.996893883742872
"hsa-miR-1260b-5p",9.54205352900827,-0.281250771212345,0.544048478229336,-0.516959025650997,0.605184762091732,0.996893883742872
"hsa-miR-6747-3p",6.67257331419618,0.276246172780176,0.544462099580693,0.507374476557545,0.611892090800642,0.996893883742872
"hsa-miR-181d-5p",27.9889376631875,0.719584001677485,0.480371034956959,1.49797541756855,0.134139637408971,0.996893883742872
"hsa-miR-129-2-5p",25.7311437550007,0.791471442723524,0.525763415008002,1.50537565020852,0.132227525688573,0.996893883742872
"hsa-miR-582-3p",28.5887152074903,0.282932387940324,0.492663087951808,0.574291833221327,0.56577033469331,0.996893883742872
"hsa-miR-1307-3p",327.000374067116,0.155369660094806,0.462765270925762,0.335741832536372,0.737065557235286,0.996893883742872
"hsa-miR-365a-3p",10.1452336480525,-0.531292358244273,0.543054966265955,-0.97833993103394,0.327906226753256,0.996893883742872
"hsa-miR-1226-3p",12.4624486121618,-0.500585763970955,0.536239557624678,-0.933511444378226,0.350555964323385,0.996893883742872
"hsa-miR-1273c-3p",5.01636760055006,0.698073678475427,0.544075360131619,1.28304593375916,0.199475983871632,0.996893883742872
"hsa-miR-708-3p",36.9974745181294,0.2495655010836,0.486992926962012,0.512462270531226,0.608327519451321,0.996893883742872
"hsa-miR-10b-3p",18.29290151969,0.16420178964278,0.522147164970806,0.314474157208074,0.753160941168351,0.996893883742872
"hsa-miR-18a-3p",12.477873770001,0.0381389618097471,0.512458035192555,0.0744235804506733,0.940673346344237,0.996893883742872
"hsa-miR-548e-3p",40.2000864106014,0.251381680173995,0.475431614394068,0.528744140194333,0.596982952521482,0.996893883742872
"hsa-miR-320c-1-3p",198.992805329829,0.525899322124665,0.497076610697135,1.05798444506795,0.290062534014983,0.996893883742872
"hsa-miR-152-3p",81.697841896012,-0.335216879096293,0.510552599653244,-0.656576578640408,0.511453212819459,0.996893883742872
"hsa-miR-6126-5p",6.16482060697201,0.771718476433434,0.540105934684056,1.42882798887382,0.15305367889429,0.996893883742872
"hsa-miR-574-5p",25.2145074393488,0.797896263878473,0.544295874309874,1.4659237770085,0.142669053536494,0.996893883742872
"hsa-miR-760-3p",75.583501304026,0.548021281907772,0.5039294145835,1.08749611760749,0.276817613434959,0.996893883742872
"hsa-miR-1285-1-3p",19.6045798681944,-0.341509293050492,0.491167922428257,-0.695300481680734,0.486867012467476,0.996893883742872
"hsa-miR-148a-3p",17185.7164956966,0.511832395831031,0.527036359360287,0.971151964642989,0.331472610055851,0.996893883742872
"hsa-miR-99b-5p",916.952041204356,0.0850782801478261,0.413446968250749,0.205777975607811,0.836964345935604,0.996893883742872
"hsa-miR-22-5p",11.4700422263354,0.370153448743864,0.531885534690818,0.695926895171218,0.486474613099067,0.996893883742872
"hsa-miR-92a-1-5p",20.0809268621978,0.115377900824352,0.524297259961941,0.220061994664492,0.825822873122093,0.996893883742872
"hsa-miR-548ab-5p",9.25234335505983,-0.188037242518535,0.531057121113364,-0.354081011331351,0.723278172208797,0.996893883742872
"hsa-miR-296-5p",6.82330330053957,0.112992557737279,0.542784989547848,0.208171854257438,0.835094784218393,0.996893883742872
"hsa-miR-19a-3p",124.668483983419,0.127424850871216,0.465711494174274,0.273613283041566,0.784381825028546,0.996893883742872
"hsa-miR-1301-3p",40.9085169191902,-0.225067398680259,0.539024841328018,-0.417545503331073,0.676279448467598,0.996893883742872
"hsa-miR-361-5p",104.775147102843,-0.227343222243875,0.497387189712066,-0.457074944723612,0.647617178513862,0.996893883742872
"hsa-miR-183-5p",425.149018305906,-0.341898811947596,0.450633819501219,-0.758706508814683,0.448028142466229,0.996893883742872
"hsa-miR-128-2-3p",2546.45535576691,0.19306007156088,0.503028003431052,0.383795872683144,0.701129747364284,0.996893883742872
"hsa-miR-454-5p",18.0494448538417,-0.0766419878944139,0.499355100866123,-0.153481936524689,0.878018234095459,0.996893883742872
"hsa-miR-181a-1-5p",347.353828514121,0.0808813427922029,0.412630127525441,0.19601414777261,0.844599092479101,0.996893883742872
"hsa-miR-301a-5p",13.3280026276415,-0.264774790787317,0.506434280482976,-0.52282161968737,0.601098393084308,0.996893883742872
"hsa-miR-2110-3p",4.35876333582085,-0.133782375490385,0.543621150289647,-0.246094868492707,0.805608795301411,0.996893883742872
"hsa-miR-3928-3p",3.88386097272006,0.391805430198912,0.535996365383238,0.730985237033783,0.464788170330622,0.996893883742872
"hsa-miR-222-5p",5.48331797738287,0.57573142422819,0.544500972232972,1.05735609959913,0.290349099068026,0.996893883742872
"hsa-miR-4664-3p",5.54762171424988,0.628908317259321,0.544571981816145,1.15486719526391,0.248144814967194,0.996893883742872
"hsa-let-7e-5p",72.8341678181247,-0.425591289629388,0.475717692220566,-0.894629938278737,0.370984942402711,0.996893883742872
"hsa-miR-532-5p",1346.93591588129,0.284321447236753,0.472389925542494,0.601878727431024,0.547254865259792,0.996893883742872
"hsa-miR-6131-3p",316.33726370838,0.0120951775659693,0.524539314903956,0.02305866733399,0.981603475601194,0.996893883742872
"hsa-miR-3613-5p",73.3589667197895,-0.0592541521722257,0.495190228205524,-0.119659372897869,0.90475298477791,0.996893883742872
"hsa-miR-10a-5p",10458.2566021163,0.0286284127706304,0.455821302368871,0.0628062195027977,0.949920813202347,0.996893883742872
"hsa-miR-331-3p",10.6698277774712,-0.373697181349304,0.516239404074907,-0.723883489713388,0.469137266892623,0.996893883742872
"hsa-miR-378d-2-5p",87.9640038048608,0.170103670685629,0.435784218106703,0.390339217479368,0.696285727338164,0.996893883742872
"hsa-miR-4419a-3p",8.15453788748736,0.00603978118733768,0.540936971251808,0.0111654065229831,0.991091479619325,0.996893883742872
"hsa-miR-186-5p",593.584928580895,0.0699669020750446,0.409658421944472,0.170793271484428,0.864386319916176,0.996893883742872
"hsa-miR-217-5p",8.21573835435573,-0.272873606944395,0.544302900918383,-0.501326754797714,0.616141178801097,0.996893883742872
"hsa-miR-331-5p",11.7982846225476,-0.285668340874487,0.514787221669985,-0.55492508137201,0.578945905519018,0.996893883742872
"hsa-miR-24-2-3p",435.968316870118,-0.515657851543939,0.493207540435141,-1.04551899407091,0.29578316660752,0.996893883742872
"hsa-miR-375-3p",18.9917718472243,-0.788368643555326,0.528618382234988,-1.49137576378279,0.135862867547614,0.996893883742872
"hsa-miR-548aq-3p",9.7658638444429,0.126518489243706,0.523865969935345,0.241509272418136,0.809160430799624,0.996893883742872
"hsa-miR-4497-5p",36.1256638017978,0.279656548269117,0.52670265499036,0.530957164577489,0.595448463066927,0.996893883742872
"hsa-miR-598-3p",39.31272009552,0.174209072305139,0.458623039600832,0.379852421842488,0.704054966634394,0.996893883742872
"hsa-let-7c-5p",96.3531261553846,0.0855677238866345,0.44298698707908,0.193160806936659,0.846833032179908,0.996893883742872
"hsa-miR-4459-3p",5.73003179683377,0.251050173576445,0.543534240451505,0.461884744129279,0.644163974834527,0.996893883742872
"hsa-miR-25-5p",26.1170564606397,0.0280239005138081,0.506446901380213,0.0553343310768315,0.955872111809696,0.996893883742872
"hsa-miR-421-3p",76.4006376295456,-0.080892023694728,0.452929448353495,-0.178597404052197,0.858253832983167,0.996893883742872
"hsa-miR-4677-3p",5.08518651047548,-0.332066460137322,0.544314936325952,-0.610063104971403,0.541820005784761,0.996893883742872
"hsa-miR-93-3p",16.6174159971326,-0.109613143530664,0.519058165844309,-0.211176994686838,0.832749161532644,0.996893883742872
"hsa-miR-98-5p",17.7187497055504,-0.932621363820803,0.528616024509215,-1.76426994373975,0.0776865417678056,0.996893883742872
"hsa-let-7a-1-3p",52.2205058969336,0.0206924236339647,0.521098296753191,0.0397092520986791,0.968324925388127,0.996893883742872
"hsa-miR-149-5p",20.6814743809801,0.0646863899599039,0.499674196292982,0.129457135148871,0.89699594066671,0.996893883742872
"hsa-miR-151b-3p",9.60691489870099,0.0646193618509256,0.540632718755473,0.119525436787618,0.904859088844422,0.996893883742872
"hsa-miR-33a-5p",8.3828924767019,-0.11642069490663,0.527555948109292,-0.220679333298905,0.825342124397728,0.996893883742872
"hsa-miR-3909-3p",2.67639066440308,0.233257453380582,0.531897231149643,0.438538574221224,0.660995913833745,0.996893883742872
"hsa-miR-28-5p",39.4754405956701,0.0473752433064989,0.508840464603961,0.0931043157964488,0.925820688821801,0.996893883742872
"hsa-miR-185-5p",182.564929105206,0.104883045412961,0.486787781261708,0.215459486557189,0.829409095306584,0.996893883742872
"hsa-miR-374a-3p",28.6490963514556,-0.113188609869891,0.513890126968126,-0.220258385849299,0.825669927583337,0.996893883742872
"hsa-miR-378c-5p",1799.59917002331,0.170004663768375,0.409841059584865,0.414806325019204,0.678283688960279,0.996893883742872
"hsa-miR-10a-3p",120.087639946936,0.0494017521085122,0.429952488185249,0.114900491254343,0.908523995710059,0.996893883742872
"hsa-miR-1307-5p",56.6770248734372,0.0634909584363258,0.518041774622762,0.122559533895813,0.902455900061917,0.996893883742872
"hsa-miR-31-5p",70.7046574431856,-0.704937811920281,0.480553448604106,-1.4669290460155,0.142395358100979,0.996893883742872
"hsa-miR-378f-3p",28.4070773164228,-0.196504965443194,0.477199992796119,-0.411787444278419,0.680495225016395,0.996893883742872
"hsa-miR-320e-3p",62.4316882777216,-0.0644560637563645,0.518440174843804,-0.124326907681843,0.901056443329747,0.996893883742872
"hsa-miR-374b-5p",66.267713762065,-0.908531525481496,0.445453455038409,-2.03956556000482,0.0413936152105105,0.996893883742872
"hsa-miR-6723-3p",6.28366485691332,-0.439190050183092,0.518547898374741,-0.846961392688359,0.397016641006231,0.996893883742872
"hsa-miR-193b-3p",11.8836838877702,-0.107922541208527,0.524081660406849,-0.205926956353988,0.836847968565102,0.996893883742872
"hsa-miR-378i-5p",626.071960086283,0.0393709992920114,0.42231882922698,0.093225772964177,0.925724199682526,0.996893883742872
"hsa-miR-543-3p",4.76500848874602,0.297192005842883,0.525740995574295,0.565282160502329,0.571881860708836,0.996893883742872
"hsa-miR-4461-3p",14.9152008341937,-0.0501155336968923,0.543444815595926,-0.0922182570495903,0.926524632824969,0.996893883742872
"hsa-miR-218-1-5p",3900.56321778767,0.00929240836116464,0.458997492080445,0.0202450090065765,0.983847923237287,0.996893883742872
"hsa-miR-21-3p",17.4577083233401,-0.806498054761865,0.535264088710022,-1.50672924220549,0.131880072886211,0.996893883742872
"hsa-miR-193b-5p",2.52110958118246,0.201753175755789,0.51450811938848,0.392128264167305,0.694963444698185,0.996893883742872
"hsa-miR-130b-5p",56.7742564436284,0.135886357937814,0.529214796644434,0.256769763051641,0.79735651323303,0.996893883742872
"hsa-miR-29c-3p",7.81319279787013,0.240116081760995,0.539400597045529,0.445153533526267,0.656208803982225,0.996893883742872
"hsa-miR-625-3p",22.8077314703106,-0.475274590562419,0.507694892535011,-0.936142154571003,0.349200001349842,0.996893883742872
"hsa-miR-24-1-3p",437.506693767518,-0.514115058512742,0.492976407872832,-1.0428796394763,0.297004040591449,0.996893883742872
"hsa-miR-3648-2-3p",17.3894781786426,0.853258859927366,0.539966658847009,1.58020656636343,0.114059568514327,0.996893883742872
"hsa-miR-7641-2-5p",200.083358621938,0.0240523104911736,0.505312906003913,0.0475988446077555,0.962035952857037,0.996893883742872
"hsa-miR-424-5p",48.4388105053781,-0.0609483776179186,0.478667290396433,-0.127329313785868,0.898679760080777,0.996893883742872
"hsa-miR-652-3p",57.4833529374174,-0.033110515553919,0.476846055967747,-0.0694364882325011,0.94464218558635,0.996893883742872
"hsa-miR-138-1-5p",2.6842398515279,0.0218967107639092,0.519444122556745,0.042154121710208,0.966375835596448,0.996893883742872
"hsa-miR-195-3p",5.97040285295552,0.26996181990145,0.544103053934049,0.496159354279552,0.619781985418327,0.996893883742872
"hsa-miR-671-5p",10.486410840445,0.0827112080481906,0.527668192582792,0.156748519639476,0.875443046546451,0.996893883742872
"hsa-miR-218-1-3p",3.82523354380281,0.127649141888763,0.544220080828252,0.234554266528521,0.814554709309199,0.996893883742872
"hsa-miR-5100-3p",5.83632018470117,-0.0172703380040586,0.543144175474343,-0.0317969680683328,0.974633964546372,0.996893883742872
"hsa-miR-125a-3p",9.51675853028552,0.286104475794658,0.526642901768549,0.543260860127184,0.586950208627568,0.996893883742872
"hsa-miR-676-3p",16.4105405884387,0.456156604596719,0.51868642616884,0.879445810768591,0.379159602549221,0.996893883742872
"hsa-miR-484-5p",223.886946770509,0.0177227440586364,0.505290389550295,0.0350743739147889,0.972020435489113,0.996893883742872
"hsa-miR-126-3p",62.1029592080695,0.147184196368912,0.535029155624355,0.275095655669745,0.783242749143467,0.996893883742872
"hsa-miR-7-3-5p",2690.02634396003,-0.283551227716712,0.475495142348145,-0.596328337480896,0.550955903884851,0.996893883742872
"hsa-miR-216b-5p",4.42265664853134,0.261763851536134,0.54418882889343,0.481016584019948,0.630504712116982,0.996893883742872
"hsa-miR-576-5p",11.1669093238084,-0.395063790128803,0.524402368366615,-0.753360041754445,0.451233587576319,0.996893883742872
"hsa-miR-6516-3p",9.12777683418485,-0.068727347987646,0.544275080927788,-0.126273185005074,0.899515681599493,0.996893883742872
"hsa-miR-1304-5p",7.6484215573351,-0.0728596955821539,0.541657423076627,-0.134512502696463,0.892997325214036,0.996893883742872
"hsa-miR-29a-3p",173.336000657846,-0.323610882668955,0.521987428298225,-0.619959150594845,0.535284681216496,0.996893883742872
"hsa-miR-548f-1-3p",7.01432806242078,0.316810259229422,0.542271010984008,0.584228647322556,0.559066490265608,0.996893883742872
"hsa-miR-16-1-5p",122.940664147042,-0.507753933286352,0.50598994529014,-1.0034862115594,0.315626326415836,0.996893883742872
"hsa-let-7a-3-3p",52.6439869367778,0.0119612482424076,0.520080273991716,0.022998850063285,0.981651190224176,0.996893883742872
"hsa-miR-140-3p",397.460051993629,-0.0430067604932136,0.423519420342105,-0.10154613561398,0.919116935881533,0.996893883742872
"hsa-miR-30a-3p",146.375971021326,0.0194602750118819,0.446966506627805,0.0435385531652078,0.96527223266802,0.996893883742872
"hsa-miR-181b-1-5p",277.207976088035,0.0711699188014843,0.414659106053847,0.171634766395899,0.863724673389834,0.996893883742872
"hsa-miR-196a-2-5p",265.468764990021,0.374305810452393,0.437890430446126,0.854793309986353,0.39266558248332,0.996893883742872
"hsa-miR-1273e-3p",18.7615630892082,-0.0931758753784875,0.509521369125457,-0.182869416327748,0.854900480441432,0.996893883742872
"hsa-miR-542-3p",48.0987825714557,-0.182090018619766,0.471235528347281,-0.386409783783478,0.699193205348889,0.996893883742872
"hsa-miR-9-3-5p",230.966009317119,0.573450950912089,0.499932294494402,1.14705722600305,0.251357970529293,0.996893883742872
"hsa-miR-1-2-3p",6.1804023221043,0.702096736966575,0.544167861250827,1.29022088028634,0.196973978396966,0.996893883742872
"hsa-miR-106b-5p",323.39523279793,-0.097720498832206,0.44728716277418,-0.218473738942384,0.827060017413098,0.996893883742872
"hsa-miR-191-3p",4.2496530647037,0.511227761828691,0.544528044393193,0.938845606011697,0.347810019776151,0.996893883742872
"hsa-miR-548l-5p",5.90671611138046,0.533552318931101,0.544612007769485,0.979692535822557,0.327237911674598,0.996893883742872
"hsa-miR-224-5p",136.11930713487,0.348814344948237,0.465264922505205,0.749711246379928,0.453428632631352,0.996893883742872
"hsa-miR-550a-3-5p",5.70752754501697,-0.00299191684201627,0.54154278368423,-0.0055248023464769,0.995591867931497,0.996893883742872
"hsa-miR-548h-1-5p",7.49110228960348,0.635630861022408,0.543310904503804,1.1699210447523,0.242032744039854,0.996893883742872
"hsa-miR-615-3p",248.35069701914,0.119641338883699,0.518634568845231,0.230685237873918,0.817559342711745,0.996893883742872
"hsa-miR-100-5p",1700.72507110689,-1.94379667895951,0.541544475227985,-3.58935741730388,NA,NA
"hsa-miR-4448-3p",154.974276443882,0.00853435952097377,0.531412433222537,0.0160597663649316,0.987186711161926,0.996893883742872
"hsa-miR-4454-5p",7.77645112741645,-0.546237723461044,0.544605129786581,-1.00299775669594,0.315861943621214,0.996893883742872
"hsa-miR-378h-5p",8.27674917136896,0.417133147400322,0.533213677368207,0.782300164277808,0.434038190339996,0.996893883742872
"hsa-miR-363-3p",14.9625975281223,-0.12334018432538,0.507034708007796,-0.243257872444273,0.80780563720768,0.996893883742872
"hsa-miR-7974-3p",5.55209118957091,-1.23956396249962,0.540148938813587,-2.29485586923908,0.0217413856010261,0.996893883742872
"hsa-miR-103a-1-3p",2475.57329269602,-0.346816049986184,0.479741183956729,-0.722923237746179,0.469727046034832,0.996893883742872
"hsa-miR-130a-3p",2.74684971434425,-0.115573314086343,0.527906288333293,-0.21892770864926,0.826706361619105,0.996893883742872
"hsa-miR-548h-4-5p",7.49110228960348,0.635630861022408,0.543310904503804,1.1699210447523,0.242032744039854,0.996893883742872
"hsa-miR-28-3p",115.952927746942,0.00289641983391658,0.444935923491652,0.00650974596788412,0.994806010881602,0.996893883742872
"hsa-miR-15b-3p",84.3456741851719,0.127854633785059,0.460974681111933,0.277357171714196,0.781505864038813,0.996893883742872
"hsa-miR-128-1-3p",2571.4174582378,0.191957028572143,0.502774900743602,0.381795169743436,0.702613301850374,0.996893883742872
"hsa-miR-142-5p",4.35464510476937,0.436301594309942,0.543669870146502,0.802511999041574,0.422256850305446,0.996893883742872
"hsa-miR-130b-3p",26.940552414612,0.0779169166104092,0.516297956149541,0.150914633076412,0.880043057170303,0.996893883742872
"hsa-miR-4521-5p",14.9476351007262,-1.25101999017103,0.516673212805554,-2.42129833551452,0.0154651792653142,0.963259737096712
"hsa-miR-92a-2-3p",7571.49736648472,0.281460595293095,0.479828243017541,0.586586136578889,0.557481695733553,0.996893883742872
"hsa-miR-505-3p",21.6083616614119,0.0608892150020812,0.503658749651965,0.120893789781586,0.903775161129282,0.996893883742872
"hsa-miR-296-3p",88.9997210643942,-0.245073363825706,0.430740608312869,-0.568958113296104,0.569384566065553,0.996893883742872
"hsa-miR-503-5p",116.117925036631,0.0490732685669413,0.447114219704862,0.109755553288675,0.912603241345519,0.996893883742872
"hsa-miR-429-3p",79.313292085577,-2.60785414420204,0.541705175833058,-4.81415770154231,1.47822042166259e-06,0.000322252051922445
"hsa-miR-185-3p",7.48238892997335,0.120789736244763,0.534913523810669,0.225811707627561,0.821347870880469,0.996893883742872
"hsa-miR-32-5p",82.6985946630591,0.151575963498291,0.471729147603567,0.321319902041909,0.74796797578714,0.996893883742872
"hsa-miR-1268a-3p",5.92545836129255,-0.635678886569289,0.543860548414137,-1.16882698776899,0.242473344703002,0.996893883742872
"hsa-miR-941-1-3p",48.3972634343206,-0.0211413440975183,0.468176064131946,-0.0451568239327161,0.963982308629996,0.996893883742872
"hsa-miR-378e-3p",24.9441406514774,0.0184913686056445,0.479630722100034,0.0385533447996849,0.96924650006973,0.996893883742872
"hsa-miR-3158-2-3p",5.90095686493695,-0.586111774575436,0.544599147131449,-1.07622602360405,0.281826183860959,0.996893883742872
"hsa-miR-22-3p",994.964970032125,-0.134567569618751,0.512641697706404,-0.26249829114724,0.792937302649849,0.996893883742872
"hsa-miR-1304-3p",44.6164205996676,-0.0772967012032017,0.474889792174886,-0.162767662048916,0.87070137061727,0.996893883742872
"hsa-miR-548b-5p",11.3651368403567,0.1620591666773,0.522465852199446,0.310181356341419,0.756423047312192,0.996893883742872
"hsa-miR-9-2-5p",230.966009317119,0.573450950912089,0.499932294494402,1.14705722600305,0.251357970529293,0.996893883742872
"hsa-miR-548o-3p",41.8028040719525,0.161329110919746,0.462926658818381,0.348498207753984,0.727466059571968,0.996893883742872
"hsa-miR-30d-3p",6.19391150747518,0.25494272893713,0.541255485976404,0.471021052982443,0.637625700736111,0.996893883742872
"hsa-miR-4746-5p",6.90808723777827,0.358158612262786,0.542456468667756,0.660253187029744,0.509091365812035,0.996893883742872
"hsa-miR-125a-5p",444.601682411892,-0.0729394163111879,0.479161483448627,-0.152223037182011,0.879011024652226,0.996893883742872
"hsa-miR-362-5p",23.1925303140366,-0.16812781640011,0.478550182244799,-0.351327452455354,0.725342701893476,0.996893883742872
"hsa-miR-497-5p",10.7092944702421,0.438212516781647,0.543987313772576,0.805556500468043,0.420498615901353,0.996893883742872
"hsa-miR-26a-2-5p",1965.04018993142,-0.0975412098395406,0.418707137434493,-0.232958077660668,0.815793959365414,0.996893883742872
"hsa-miR-330-5p",7.89622939237735,-0.48628375262531,0.538525452670147,-0.902991214647684,0.366530557632665,0.996893883742872
"hsa-let-7f-1-5p",829.683289393111,-0.724543690858087,0.464718738413194,-1.55910151876397,0.118972354255636,0.996893883742872
"hsa-miR-548o-2-3p",41.8028040719525,0.161329110919746,0.462926658818381,0.348498207753984,0.727466059571968,0.996893883742872
"hsa-miR-27a-3p",236.340179406449,-0.619544562315245,0.472968378933127,-1.30990694074041,0.190227318854081,0.996893883742872
"hsa-miR-874-3p",8.78153999446308,0.0711558376822717,0.537913392035121,0.132281216150919,0.894761864146014,0.996893883742872
"hsa-miR-188-5p",5.18636704019413,-0.0303077154237114,0.544590043163488,-0.055652349513509,0.955618760210065,0.996893883742872
"hsa-miR-378d-1-3p",91.9868952879196,0.128592406779149,0.441525554586284,0.291245671838047,0.770863434699967,0.996893883742872
"hsa-miR-1246-5p",15445.1816328006,0.380388806127429,0.460838612914443,0.825427374068696,0.409128999063427,0.996893883742872
"hsa-miR-374a-5p",20.0863254557313,-0.278986085777675,0.494947691117817,-0.563667819416629,0.572980222120197,0.996893883742872
"hsa-miR-212-5p",9.46704921273354,0.55407244570764,0.541926732135301,1.02241209531126,0.306585898235746,0.996893883742872
"hsa-miR-23b-3p",37.3430705090241,-0.396385654366661,0.471684719210618,-0.84036144955051,0.400705756998983,0.996893883742872
"hsa-miR-143-3p",95.8371374458503,0.00307988558754533,0.496952883426803,0.0061975404314139,0.995055109829976,0.996893883742872
"hsa-miR-320c-2-3p",110.537537655368,0.344359698960723,0.490067282607331,0.702678410051388,0.482256185366996,0.996893883742872
"hsa-miR-6087-3p",28.9711164149147,0.0399394221328346,0.518173502054076,0.0770773147884095,0.938562039480343,0.996893883742872
"hsa-miR-641-5p",18.0183421255415,-0.0646188303167451,0.519291700375016,-0.124436478129882,0.900969692416374,0.996893883742872
"hsa-miR-550a-2-5p",7.80421059735429,-0.264099451570943,0.536328510242479,-0.49242105636253,0.622421716923056,0.996893883742872
"hsa-miR-1303-5p",12.3642133329805,-0.244877842240692,0.543375613163535,-0.450660346744331,0.652234365736391,0.996893883742872
"hsa-miR-148b-3p",986.03231510281,-0.0532204407344521,0.501658117079311,-0.106089065286744,0.915511686820834,0.996893883742872
"hsa-miR-4459-5p",8.4231622647337,0.358489140587204,0.544041001441976,0.658937726452659,0.509935758499051,0.996893883742872
"hsa-let-7g-5p",471.793948887826,-0.539848506210337,0.479868991710147,-1.12499143628022,0.260592663195545,0.996893883742872
"hsa-miR-346-5p",3.40681781336202,0.538121251523514,0.532277839675399,1.01097812347717,0.312026900412133,0.996893883742872
"hsa-miR-328-3p",72.4800286342339,0.224922274804715,0.529685784469289,0.424633398515825,0.671103942075474,0.996893883742872
"hsa-miR-222-3p",227.535378209179,-0.144025900450022,0.451079254439583,-0.319291785273873,0.749505261348693,0.996893883742872
"hsa-miR-708-5p",45.6924803388836,-0.0993059530499786,0.490277578174612,-0.202550468287193,0.839486407954984,0.996893883742872
"hsa-miR-9-1-5p",230.966009317119,0.573450950912089,0.499932294494402,1.14705722600305,0.251357970529293,0.996893883742872
"hsa-miR-148b-5p",12.7908205954962,-0.316584534786465,0.521694885667212,-0.606838486410645,0.543958104229148,0.996893883742872
"hsa-miR-548h-5-5p",7.49110228960348,0.635630861022408,0.543310904503804,1.1699210447523,0.242032744039854,0.996893883742872
"hsa-miR-27b-3p",576.12602327281,-0.285156471516047,0.426476820184189,-0.668632990165542,0.503729622718227,0.996893883742872
"hsa-miR-378g-5p",15.9262518627652,0.200875747164092,0.500281895843762,0.401525117804434,0.688033549085548,0.996893883742872
"hsa-miR-1262-5p",3.86389839617572,0.395824870857427,0.544412826120667,0.727067497064616,0.467184608586173,0.996893883742872
"hsa-miR-1273f-5p",37.3917036552103,0.869032671361209,0.504693769473742,1.72190093067203,0.0850874663713211,0.996893883742872
"hsa-miR-548d-1-5p",21.4448106833794,0.473381401350733,0.510584354922406,0.927136518749528,0.353855657505919,0.996893883742872
"hsa-miR-203a-3p",31.271522699021,-0.433437648630712,0.481880859586374,-0.899470564161351,0.368402067951758,0.996893883742872
"hsa-miR-19b-2-3p",186.473489485919,-0.27032801465215,0.447382194037466,-0.60424401832477,0.545681419441351,0.996893883742872
"hsa-miR-592-5p",22.2885653260976,0.101267030581024,0.543047244568481,0.186479227348798,0.852068967314525,0.996893883742872
"hsa-miR-181a-1-3p",20.0824738933436,0.353897675207706,0.495001658740972,0.714942402633232,0.474644634307877,0.996893883742872
"hsa-miR-618-5p",11.6561799303765,0.0380377556778442,0.514567830711716,0.0739217522114294,0.941072647437873,0.996893883742872
"hsa-miR-1180-3p",306.084658211321,0.222424923528323,0.505701934841507,0.439834037016357,0.660057313680673,0.996893883742872
"hsa-miR-566-3p",22.6201195967986,0.284017968733493,0.501202577158736,0.566673001450952,0.570936367104568,0.996893883742872
"hsa-miR-148a-5p",35.2526507939173,-0.369234812231417,0.508288301058956,-0.726427917900454,0.467576481633399,0.996893883742872
"hsa-miR-194-1-5p",18.0188172593854,-0.957039506254126,0.531597026228532,-1.80031012032542,0.0718116837939266,0.996893883742872
"hsa-let-7a-1-5p",865.832589589311,-0.167986418689737,0.451821975736483,-0.371797804690474,0.710043398311662,0.996893883742872
"hsa-miR-548h-3-5p",7.49110228960348,0.635630861022408,0.543310904503804,1.1699210447523,0.242032744039854,0.996893883742872
"hsa-let-7a-3-5p",872.510704575328,-0.169819578294941,0.452362681548511,-0.375405808705575,0.70735868555707,0.996893883742872
"hsa-miR-210-3p",53.05076171912,0.00652732146593545,0.503532685381291,0.0129630541480992,0.989657268901946,0.996893883742872
"hsa-miR-181a-2-3p",10.2600354149125,0.205312098070186,0.521504773776794,0.393691694484969,0.693808674035219,0.996893883742872
"hsa-miR-29b-2-3p",13.3140920907208,-1.08878314460559,0.530206728638097,-2.05350684138292,0.0400234469111699,0.996893883742872
"hsa-miR-548k-5p",20.5792342739829,0.0673086008767664,0.485486254400021,0.138641620162755,0.889733352756076,0.996893883742872
"hsa-miR-99a-5p",2647.64619387131,0.352800901160174,0.498590518772133,0.707596490260201,0.479195873029799,0.996893883742872
"hsa-miR-566-5p",2.23289874590548,0.0802364593424844,0.517687856012826,0.154990035811264,0.876829172652602,0.996893883742872
"hsa-miR-16-2-3p",377.49308073138,0.163970263347448,0.417482484292267,0.392759623497538,0.694497028823644,0.996893883742872
"hsa-miR-151a-3p",620.720747309498,-0.333714151059127,0.416090666016972,-0.802022679945227,0.42253983902234,0.996893883742872
"hsa-miR-125b-1-5p",131.51721034097,-0.323295890076551,0.483193399814614,-0.669081759396112,0.503443324971618,0.996893883742872
"hsa-miR-324-5p",9.93538961655385,-0.314915200624901,0.528586040463783,-0.595769045184383,0.551329525606462,0.996893883742872
"hsa-miR-221-5p",20.8687920352375,-0.707741625525973,0.487740457317807,-1.45106196319658,0.146762606903115,0.996893883742872
"hsa-miR-3177-3p",14.0088967076366,0.240624680021468,0.516964865186212,0.465456544971958,0.641604549119938,0.996893883742872
"hsa-miR-877-5p",10.9871518971629,-0.657342058806053,0.521587644565173,-1.26027152992486,0.207571426661203,0.996893883742872
"hsa-miR-140-5p",47.5254089475374,-0.115900263167578,0.51348270064103,-0.225714056233809,0.821423824898989,0.996893883742872
"hsa-miR-4421-3p",4.18267187178921,-0.319367614470412,0.542938122545724,-0.588221016739373,0.556383952354786,0.996893883742872
"hsa-miR-199b-3p",20.317581815269,0.30490464637806,0.49897501628226,0.611061949854382,0.54115856873534,0.996893883742872
"hsa-miR-450b-5p",71.7673162404627,0.273724583699564,0.494809752535937,0.5531915696825,0.58013223903991,0.996893883742872
"hsa-miR-30c-2-5p",513.240941355986,-0.129785249059058,0.453958132156632,-0.285896958035498,0.774957043687249,0.996893883742872
"hsa-miR-744-5p",148.944550178163,-0.339104276917269,0.476599320011096,-0.711508100576758,0.476769432852361,0.996893883742872
"hsa-miR-107-3p",407.537034026272,-0.101776897444457,0.473765714778505,-0.214825375221675,0.829903468184314,0.996893883742872
"hsa-let-7d-5p",25.2108996085436,-0.582292862005677,0.514817282673161,-1.13106704379106,0.258026874104321,0.996893883742872
"hsa-miR-548d-2-5p",21.4448106833794,0.473381401350733,0.510584354922406,0.927136518749528,0.353855657505919,0.996893883742872
"hsa-miR-26b-5p",335.162726357173,-0.196035684874784,0.460175784295558,-0.426001740128236,0.670106578024476,0.996893883742872
"hsa-miR-548ae-2-5p",12.3051435998785,0.279704605066647,0.528133728093373,0.529609434482465,0.596382751727823,0.996893883742872
"hsa-miR-378a-3p",3616.41866781994,0.162595047552948,0.406304460045196,0.400180316836448,0.689023710956239,0.996893883742872
"hsa-miR-378a-5p",18.8994105870289,-0.360730800449376,0.495297424945449,-0.728311479691432,0.466422936653149,0.996893883742872
"hsa-miR-181b-2-5p",279.631257463976,0.0658392360780382,0.415020816265091,0.158640804262656,0.873951878714099,0.996893883742872
"hsa-miR-181a-2-5p",347.274646573236,0.0814494208421203,0.412679392542354,0.197367308167105,0.843540110719562,0.996893883742872
"hsa-miR-1306-3p",23.6149279296431,0.568989995681679,0.543863001516813,1.046200962549,0.295468258605522,0.996893883742872
"hsa-miR-26a-1-5p",1964.96100799054,-0.097448606532462,0.418713212584296,-0.232733535994744,0.815968326203494,0.996893883742872
"hsa-miR-30e-3p",107.386073498849,0.0370964655191284,0.452028010066817,0.0820667407615845,0.934593640909869,0.996893883742872
"hsa-miR-1-1-3p",6.1804023221043,0.702096736966575,0.544167861250827,1.29022088028634,0.196973978396966,0.996893883742872
"hsa-miR-15b-5p",70.9533224043754,-0.242859936925695,0.486937381415454,-0.498749831487033,0.617955634377156,0.996893883742872
"hsa-miR-1273e-5p",44.854213599429,0.428539250167462,0.507137242651745,0.845016327191223,0.398101723134181,0.996893883742872
"hsa-miR-5096-3p",183.500157595117,-0.140479057669648,0.508719827590189,-0.276142289037758,0.782438780979012,0.996893883742872
"hsa-miR-196b-5p",309.065180888078,0.117605352772698,0.437297057437296,0.268936986363237,0.787978174130495,0.996893883742872
"hsa-miR-196a-2-3p",5.22809136013644,0.385162107098759,0.544253108938408,0.707689309942641,0.479138217386972,0.996893883742872
"hsa-miR-99b-3p",133.852160307666,0.202296313035073,0.445551294749822,0.454035967168861,0.649802939584231,0.996893883742872
"hsa-miR-941-4-3p",48.3972634343206,-0.0211413440975183,0.468176064131946,-0.0451568239327161,0.963982308629996,0.996893883742872
"hsa-miR-452-3p",5.38757700842859,0.13508726667303,0.543431795339931,0.24858182357278,0.803684269925307,0.996893883742872
"hsa-miR-339-3p",24.8855894410243,-0.0471408800065564,0.493450160118856,-0.0955332145301194,0.923891309516724,0.996893883742872
"hsa-miR-3648-1-3p",17.3894781786426,0.853258859927366,0.539966658847009,1.58020656636343,0.114059568514327,0.996893883742872
"hsa-miR-19b-1-3p",186.896970525763,-0.272745110177712,0.447390697959712,-0.609635183345437,0.542103499715655,0.996893883742872
"hsa-miR-9-1-3p",8.24982960599993,-0.32106882722864,0.527583243352666,-0.608565247804924,0.542812645244078,0.996893883742872
"hsa-miR-1273a-3p",62.1683851257488,-0.329367801298613,0.516929139394917,-0.637162381064741,0.524019078746295,0.996893883742872
"hsa-miR-339-5p",82.8278404200932,0.160417965461016,0.463979052172386,0.345743982858551,0.729535126818768,0.996893883742872
"hsa-miR-5096-5p",342.88157648067,-0.277050926940699,0.543069088068182,-0.510157792125917,0.609940919643013,0.996893883742872
"hsa-miR-1290-3p",10.3030578115444,0.885902369493242,0.528771172922503,1.67539838565118,0.0938560931531081,0.996893883742872
"hsa-miR-182-5p",532.519815225372,-0.362132979634466,0.476224058666327,-0.760425629584161,0.447000208152221,0.996893883742872
"hsa-miR-1285-2-3p",14.0256089709378,-0.544093763184917,0.506049996169579,-1.0751778822316,0.282295095834875,0.996893883742872
"hsa-miR-7706-3p",102.144539062331,0.385997031094311,0.451621878428231,0.854690725873792,0.39272238608656,0.996893883742872
"hsa-miR-941-3-3p",48.3972634343206,-0.0211413440975183,0.468176064131946,-0.0451568239327161,0.963982308629996,0.996893883742872
"hsa-miR-671-3p",5.82597335655528,0.0240200361305864,0.544606684431849,0.0441052906936772,0.964820475526743,0.996893883742872
"hsa-miR-450a-1-5p",66.5252383901585,-0.151758745645435,0.53369681052134,-0.284353855323194,0.776139218076136,0.996893883742872
"hsa-miR-577-5p",33.8818624903365,-0.257148045391942,0.50194865398237,-0.512299501854972,0.608441413838305,0.996893883742872
"hsa-miR-576-3p",62.2919554151229,0.41044508116427,0.4711180620615,0.871214912390028,0.383636819039374,0.996893883742872
"hsa-miR-92b-3p",123.700093575468,0.2176515623741,0.485037634963721,0.448731287398718,0.653625511722802,0.996893883742872
"hsa-miR-340-3p",19.9685638034924,0.325664738152215,0.488327006982544,0.666898888440664,0.504836721014073,0.996893883742872
"hsa-miR-20b-5p",32.5087954014019,0.111565702668348,0.518443286112051,0.215193649251416,0.82961634210964,0.996893883742872
"hsa-miR-199a-1-3p",20.317581815269,0.30490464637806,0.49897501628226,0.611061949854382,0.54115856873534,0.996893883742872
"hsa-miR-3158-1-3p",5.90095686493695,-0.586111774575436,0.544599147131449,-1.07622602360405,0.281826183860959,0.996893883742872
"hsa-miR-4419a-5p",34.119986975126,0.109656513274863,0.485694226927998,0.225772733533271,0.821378185035323,0.996893883742872
"hsa-miR-18a-5p",109.673256892896,-0.0524008135649068,0.498907635011346,-0.105031091704409,0.916351137545563,0.996893883742872
"hsa-miR-7641-2-3p",596.00645600377,-0.597305216451469,0.522424504440685,-1.14333307755338,NA,NA
"hsa-miR-4508-5p",7.15046078551768,0.183028055331256,0.543498205171899,0.336759263580949,0.73629838407488,0.996893883742872
"hsa-miR-200a-3p",185.883468033158,-2.45498614398119,0.543741051895641,-4.51499134638149,6.33193513591593e-06,0.000920241239753116
"hsa-miR-548n-5p",11.5696381078937,-0.166720731076665,0.529005715203275,-0.315158657619797,0.752641193629848,0.996893883742872
"hsa-miR-1908-5p",4.68283008333101,0.838763845431437,0.543041545322652,1.5445666223071,0.122451124878071,0.996893883742872
"hsa-miR-196a-1-5p",252.886030631292,0.38709084665546,0.439774106589742,0.880203815675237,0.378748906808662,0.996893883742872
"hsa-miR-769-5p",231.493719837112,-0.274733525644198,0.435003637362985,-0.631566042320123,0.527670481753661,0.996893883742872
"hsa-miR-3182-5p",1831.54708214014,-0.71358029557737,0.526889313949614,-1.35432675646485,0.175632153494103,0.996893883742872
"hsa-miR-221-3p",612.075409305119,-0.160070209983543,0.450948265522812,-0.354963578356297,0.722616877016167,0.996893883742872
"hsa-miR-146a-5p",6.64739258555308,-0.353974800371119,0.541141117646819,-0.654126601782538,0.513030244236825,0.996893883742872
"hsa-miR-7641-1-5p",78.1914842789732,0.19866721670982,0.473946682823917,0.419176299591551,0.675087291751899,0.996893883742872
"hsa-miR-494-3p",4.10268011883312,0.434024970264829,0.53064801791602,0.817914993764316,0.413405728140503,0.996893883742872
"hsa-miR-320d-1-3p",67.1034802342564,0.217010704340992,0.506678280947847,0.428300782766982,0.6684321491118,0.996893883742872
"hsa-miR-449a-5p",5.39050779063478,-0.0976708531977172,0.544300046516026,-0.179443036653941,0.857589841390832,0.996893883742872
"hsa-miR-548h-2-5p",7.49110228960348,0.635630861022408,0.543310904503804,1.1699210447523,0.242032744039854,0.996893883742872
"hsa-miR-1303-3p",23.3621373706657,-0.18873760821402,0.51107124071059,-0.3692980414073,0.711905585271259,0.996893883742872
"hsa-miR-320a-3p",1704.8459461875,0.502852120901788,0.43880146043696,1.14596729099544,0.251808686259528,0.996893883742872
"hsa-miR-342-5p",3.65917507542344,0.91634681489827,0.537103965416805,1.7060883439711,0.0879916324250127,0.996893883742872
"hsa-miR-200b-3p",178.179801603875,-2.83159886517909,0.532875567386612,-5.31380877353063,1.07357279431238e-07,4.68077738320196e-05
"hsa-miR-30c-1-5p",512.189832512734,-0.130258900363724,0.454205393670892,-0.28678413373952,0.774277612326735,0.996893883742872
"hsa-miR-4326-5p",7.85934298720976,-0.274749688882614,0.539833927497817,-0.508952244176475,0.610785698526405,0.996893883742872
"hsa-miR-589-5p",39.1680029540933,0.0768457187123045,0.460032704178983,0.1670440340746,0.867335401471397,0.996893883742872
"hsa-miR-125b-2-5p",132.258327454957,-0.320663386498389,0.483400428677203,-0.663349404500665,0.507106802013524,0.996893883742872
"hsa-miR-449c-5p",9.35887887493815,-0.923175080150055,0.529772336644323,-1.74258830877735,0.0814055536744688,0.996893883742872
"hsa-miR-95-3p",21.5626451818993,0.588965332098069,0.498605030822642,1.18122621251202,0.237512870803845,0.996893883742872
"hsa-miR-548f-3-3p",7.92066686038496,0.217713343092799,0.540321341594398,0.402933081359259,0.686997454097552,0.996893883742872
"hsa-miR-7-1-5p",2691.7189363377,-0.282374229641323,0.475510325046732,-0.593834065776747,0.552623102006804,0.996893883742872
"hsa-miR-3159-3p",26.1102849932299,0.0326016194436399,0.512204199978087,0.0636496527069373,0.949249194721944,0.996893883742872
"hsa-miR-129-1-5p",25.7311437550007,0.791471442723524,0.525763415008002,1.50537565020852,0.132227525688573,0.996893883742872
"hsa-miR-132-3p",34.8545783734356,0.317625136174584,0.463851593458656,0.684755944905241,0.493497939626763,0.996893883742872
"hsa-miR-192-5p",276.939898695095,-0.773154938296592,0.492008112782199,-1.57142721473548,0.116083448659494,0.996893883742872
"hsa-miR-361-3p",55.469426704537,-0.0878489846920434,0.444830110279677,-0.197488844981313,0.843445009961709,0.996893883742872
"hsa-miR-92a-1-3p",7596.84363182976,0.279197741221976,0.479875042292559,0.581813423528206,0.560692361269084,0.996893883742872
"hsa-miR-101-2-3p",1235.22639874903,-0.0340323616075382,0.44596530220911,-0.0763116803907328,0.939171133334814,0.996893883742872
"hsa-miR-423-3p",2297.63284857173,0.18970175687164,0.399785095748497,0.474509327358667,0.635136748191856,0.996893883742872
"hsa-miR-501-5p",8.90698019729262,-0.614955132301233,0.533818604009125,-1.15199269505175,0.249324075130746,0.996893883742872
"hsa-miR-1273d-5p",8.34933338516809,0.251477441834287,0.533488124971041,0.471383391800778,0.637366973953311,0.996893883742872
"hsa-miR-146b-5p",159.633405170553,0.218742393978175,0.452209702590826,0.483718931117452,0.628585355992683,0.996893883742872
"hsa-miR-548t-3p",5.05769115091692,-0.638118158991009,0.544593971323234,-1.17173195553475,0.241304689077029,0.996893883742872
"hsa-miR-16-2-5p",154.838002672285,-0.587195409115895,0.500691378397815,-1.17276916370098,0.240888387099752,0.996893883742872
"hsa-miR-7851-5p",6.86173910430822,-0.185658964545794,0.544614080183933,-0.340900045189964,0.733178830794904,0.996893883742872
"hsa-miR-455-5p",21.1692412578594,0.0245881873616352,0.509053618026742,0.0483017632935152,0.961475749290903,0.996893883742872
"hsa-miR-194-2-5p",30.1754669370448,-1.02967945411305,0.527335304011262,-1.95260860837616,0.0508659903445401,0.996893883742872
"hsa-miR-424-3p",65.0956083840141,0.255771785419861,0.442192270341875,0.578417585685328,0.562982223940806,0.996893883742872
"hsa-miR-17-5p",2739.53270574609,-0.131667614927364,0.52463766843149,-0.25096866437557,0.801838336187833,0.996893883742872
"hsa-miR-101-1-3p",1583.20510447537,-0.0511143693403111,0.450372466867619,-0.113493548341923,0.909639277712167,0.996893883742872
"hsa-miR-7-2-5p",2690.52800703268,-0.283755242986129,0.475619138891334,-0.596601818100847,0.550773257107219,0.996893883742872
"hsa-miR-425-5p",78.5200607470378,-0.447248855905467,0.462398236946923,-0.967237372829355,0.333425383258575,0.996893883742872
"hsa-miR-96-5p",41.4105612683829,-0.601460364860075,0.471990728562133,-1.27430546505089,0.202555180452951,0.996893883742872
"hsa-miR-501-3p",117.970214298815,0.00508052763602319,0.453588287311285,0.0112007469728524,0.991063283783162,0.996893883742872
"hsa-miR-550a-1-5p",7.80421059735429,-0.264099451570943,0.536328510242479,-0.49242105636253,0.622421716923056,0.996893883742872
"hsa-miR-138-2-5p",2.75657260387862,-0.0677274917107605,0.519157221238158,-0.13045661109988,0.896205180037027,0.996893883742872
"hsa-miR-4791-5p",45.2563919291925,-0.964012705596351,0.534370800852622,-1.80401456078477,0.0712290243421364,0.996893883742872
"hsa-miR-3195-5p",3.86680326322922,0.0471032037812716,0.519225390850722,0.0907182210486579,0.927716492028054,0.996893883742872
"hsa-let-7a-2-5p",917.702707827541,-0.172443795369614,0.452020288011879,-0.381495698186631,0.702835462656071,0.996893883742872
"hsa-miR-103a-2-3p",2637.18504496126,-0.343163597163848,0.483441710375123,-0.709834484280581,0.477806781912868,0.996893883742872
"hsa-miR-106b-3p",266.084775267643,0.0661315130629943,0.41296585289823,0.160137969274887,0.872772391952575,0.996893883742872
"hsa-miR-451a-5p",11.759869120981,0.582321676951257,0.526448480184428,1.10613231658918,0.268669252924942,0.996893883742872
"hsa-miR-548aa-2-3p",5.05769115091692,-0.638118158991009,0.544593971323234,-1.17173195553475,0.241304689077029,0.996893883742872
"hsa-miR-4488-5p",12.3069610809653,-0.235374126443882,0.541767513697611,-0.434455962184652,0.663957367174179,0.996893883742872
"hsa-miR-548f-2-3p",7.92066686038496,0.217713343092799,0.540321341594398,0.402933081359259,0.686997454097552,0.996893883742872
"hsa-miR-25-3p",1582.39605263065,0.210554287994081,0.464791331456133,0.453008207649743,0.650542831383528,0.996893883742872
"hsa-miR-425-3p",17.1931871655506,-0.265249910001422,0.496944029656566,-0.533762142559062,0.593506108947008,0.996893883742872
"hsa-miR-1278-3p",4.9440703726231,0.188696553087652,0.54387203867028,0.346950274459777,0.728628676187989,0.996893883742872
"hsa-miR-8086-3p",33.0642477348088,-0.136017330033716,0.496205321739349,-0.274115016656683,0.783996234043653,0.996893883742872
"hsa-miR-6720-3p",5.22780966665313,-0.30627410573745,0.54230114652215,-0.564767579234576,0.572231861559754,0.996893883742872
"hsa-miR-340-5p",900.345777957673,-0.398553146197754,0.426424480485195,-0.934639460061652,0.349974135957021,0.996893883742872
"hsa-miR-320a-5p",60.8608370953444,-0.0702161394880526,0.50004224701636,-0.140420414289026,0.888327829379732,0.996893883742872
"hsa-let-7b-5p",62.9781399341534,-0.913563779080927,0.508672115976406,-1.7959777042768,0.0724980630137661,0.996893883742872
"hsa-miR-199a-2-3p",20.317581815269,0.30490464637806,0.49897501628226,0.611061949854382,0.54115856873534,0.996893883742872
"hsa-miR-1273g-3p",26.6852857408971,-0.52849445102341,0.522680922875439,-1.01112251833487,0.311957793905696,0.996893883742872
"hsa-miR-324-3p",21.725027398152,-0.330570718276989,0.490408168165341,-0.674072618964897,0.500265146356135,0.996893883742872
"hsa-miR-7704-5p",14.4885531559343,0.48516981685518,0.529064905111691,0.917032697061537,0.359125506643417,0.996893883742872
"hsa-miR-486-2-5p",35.0679368600393,0.20502264912872,0.485563559518633,0.422236481938577,0.672852415412681,0.996893883742872
"hsa-miR-125b-2-3p",31.636616979907,0.00973083337961102,0.476185104426455,0.0204349806181598,0.983696379172939,0.996893883742872
"hsa-miR-378b-3p",3.80451465662316,0.735775344166162,0.533907663997046,1.37809474143498,0.168174038925316,0.996893883742872
"hsa-miR-147b-3p",4.71936475432158,0.281295477899765,0.534227516979217,0.526546216657553,0.598508749454657,0.996893883742872
"hsa-miR-29b-1-3p",13.4656067839568,-1.1255068222253,0.531419682801386,-2.11792460582599,0.0341814533552884,0.996893883742872
"hsa-miR-1291-5p",10.1077630004475,-0.0051530877725841,0.542461556938242,-0.00949945246197559,0.992420647537632,0.996893883742872
"hsa-miR-10b-5p",3295.2306049111,0.21160387339224,0.403260689211541,0.524732211825482,0.599769361397276,0.996893883742872
"hsa-miR-132-5p",11.1027083563747,0.0628880291400569,0.530204281889069,0.118610941646855,0.905583596371055,0.996893883742872
"hsa-miR-200a-5p",13.7710399818456,-2.18243183880341,0.543486940526659,-4.01561045181426,5.92921220226585e-05,0.00646284130046978
"hsa-miR-30a-5p",3227.38885403592,-0.341960601604778,0.416076935419782,-0.821868679790607,0.411151640184922,0.996893883742872
"hsa-miR-452-5p",54.8298712230022,-0.17422618385223,0.506260534254866,-0.344143325548105,0.730738501512883,0.996893883742872
"hsa-miR-660-5p",187.288953750284,0.500936105528358,0.462624382696413,1.08281388587572,0.278891040826352,0.996893883742872
"hsa-miR-190b-5p",2.66487971839232,0.239781865690186,0.521863146679915,0.459472693589641,0.645894756692503,0.996893883742872
"hsa-miR-34a-5p",57.4040526022798,-0.0665960959770452,0.527367800897822,-0.126280170809951,0.899510151996823,0.996893883742872
"hsa-miR-141-3p",4.92791957874029,-1.37472317613955,0.535657304973685,-2.56642290392564,0.0102753464599092,0.896010211304087
"hsa-miR-181c-3p",6.19593288041353,0.688136115522275,0.542187784979197,1.26918409928523,0.204375410843165,0.996893883742872
"hsa-miR-454-3p",18.5942515395692,-0.57069226561561,0.506560894810511,-1.12660150331795,0.259911003245864,0.996893883742872
"hsa-miR-181b-1-3p",4.90531987431704,-0.228340602857,0.544615239639843,-0.419269580131476,0.675019125730468,0.996893883742872
"hsa-miR-191-5p",1148.66253761199,-0.190208565258908,0.484865019586014,-0.392291787560405,0.694842630918241,0.996893883742872
"hsa-miR-942-5p",17.2355257109885,0.415563993002959,0.493648828128512,0.841821086820801,0.399888106813111,0.996893883742872
"hsa-miR-122-5p",243.293605286932,0.790400220586725,0.473354394902466,1.66978532173465,0.0949618455171791,0.996893883742872
"hsa-miR-215-5p",58.3621659715051,-0.679510169331006,0.489919564530979,-1.38698312646798,0.165446908125255,0.996893883742872
"hsa-miR-548aa-1-3p",5.05769115091692,-0.638118158991009,0.544593971323234,-1.17173195553475,0.241304689077029,0.996893883742872
"hsa-miR-941-2-3p",48.3972634343206,-0.0211413440975183,0.468176064131946,-0.0451568239327161,0.963982308629996,0.996893883742872
"hsa-miR-30e-5p",1087.08563905494,-0.2930882033081,0.425704835953716,-0.688477504963006,0.491152131335543,0.996893883742872
"hsa-miR-1285-1-5p",144.122847281589,-0.08738827893816,0.531566830993337,-0.164397539204728,0.869418200649789,0.996893883742872
"hsa-miR-5095-3p",17.9269770620547,-0.1404587960469,0.531299149474494,-0.264368569356505,0.791495928224476,0.996893883742872
"hsa-miR-1250-5p",24.0582834033938,0.493954347543927,0.517105739473236,0.955228901630656,0.339461953153331,0.996893883742872
"hsa-miR-34c-5p",150.426145390034,-0.191712921600384,0.527577661062184,-0.363383319176942,0.716318560753273,0.996893883742872
"hsa-miR-193a-5p",30.9732797307294,0.365280820029167,0.524737098238162,0.696121584038217,0.486352690488243,0.996893883742872
"hsa-miR-2110-5p",12.1590147264116,0.212876078740493,0.530588530332828,0.401207464109637,0.688267385777337,0.996893883742872
"hsa-miR-126-5p",9.30303150048215,0.686031811940162,0.538615157563111,1.27369570333671,0.202771279782519,0.996893883742872
"hsa-miR-338-5p",12.2754348028193,0.371539220638155,0.519817418336751,0.714749463046009,0.47476386776706,0.996893883742872
"hsa-miR-1292-5p",9.36580133111553,0.0813960111694287,0.54017198470996,0.150685362205768,0.880223920646474,0.996893883742872
"hsa-miR-1277-5p",7.64328336330654,0.466538256792517,0.533332673086276,0.874760314407077,0.381704334707587,0.996893883742872
"hsa-miR-30b-5p",40.5720059767751,-0.870646603794387,0.465690683195925,-1.86958132342126,0.0615419808255442,0.996893883742872
"hsa-miR-941-5-3p",48.3972634343206,-0.0211413440975183,0.468176064131946,-0.0451568239327161,0.963982308629996,0.996893883742872
"hsa-miR-218-2-5p",3894.10604985171,0.0105936265982143,0.459345230154091,0.0230624504246198,0.981600457934077,0.996893883742872
"hsa-miR-1295a-3p",4.51851087863426,0.0369405488763644,0.544586165223737,0.0678323307408806,0.945919106815662,0.996893883742872
"hsa-miR-197-3p",21.6758367787602,-0.358007727573144,0.515074553670678,-0.695060016111847,0.487017690868565,0.996893883742872
"hsa-miR-17-3p",13.911213982954,-0.0580783465988255,0.510428764277861,-0.113783451606598,0.909409457093266,0.996893883742872
"hsa-miR-345-5p",39.0673522361581,-0.34613776356113,0.466469216392741,-0.7420377409636,0.458064469417726,0.996893883742872
"hsa-miR-144-3p",10.3311978388732,0.561036987232724,0.544257075082665,1.03083085717813,0.302620145232174,0.996893883742872
"hsa-miR-3615-3p",60.1271087528487,0.00566504347803518,0.498162899019767,0.0113718695012861,0.99092675645564,0.996893883742872
"hsa-miR-499a-5p",11.8390555761507,0.376835832021258,0.531601078110132,0.708869578220059,0.478405415214232,0.996893883742872
"hsa-miR-504-5p",14.6314471597949,0.0365023283189028,0.505086207953374,0.0722695012140829,0.942387435716592,0.996893883742872
