"","ensembl.id","symbol","biotype","baseMean","log2FoldChange","lfcSE","stat","pvalue","padj"
"ABCA13","ENSG00000179869","ABCA13","protein_coding",73.84263079,1.251818338,0.202365806,6.185918264,6.17e-10,8.82e-09
"ABCA2","ENSG00000107331","ABCA2","protein_coding",893.0636694,0.307624661,0.133970993,2.296203487,0.021664249,0.056649337
"ABCG1","ENSG00000160179","ABCG1","protein_coding",203.6176529,-1.004229199,0.174970063,-5.739434409,9.5e-09,1.13e-07
"ABHD11","ENSG00000106077","ABHD11","protein_coding",229.5136118,0.378340153,0.144433995,2.619467487,0.008806717,0.026499835
"ABI2","ENSG00000138443","ABI2","protein_coding",1099.838839,0.641446903,0.088356522,7.259757277,3.88e-13,9.19e-12
"ABLIM1","ENSG00000099204","ABLIM1","protein_coding",1001.142145,-0.784188121,0.088743937,-8.836526167,9.87e-19,4.56e-17
"ACHE","ENSG00000087085","ACHE","protein_coding",10.97991696,1.530767421,0.354644633,4.31634171,1.59e-05,0.000101337
"ACP1","ENSG00000143727","ACP1","protein_coding",970.8481007,-0.265111495,0.09500526,-2.790492815,0.005262787,0.01698886
"ADAMTS14","ENSG00000138316","ADAMTS14","protein_coding",36.56110516,0.889527116,0.277667889,3.20356494,0.001357374,0.005228265
"ADARB1","ENSG00000197381","ADARB1","protein_coding",351.3322973,-0.401109105,0.11582362,-3.463102807,0.000533984,0.00233047
"ADCY9","ENSG00000162104","ADCY9","protein_coding",339.6200918,0.398817595,0.119149693,3.347197846,0.000816329,0.003376598
"ADH5","ENSG00000197894","ADH5","protein_coding",735.0364959,0.327711206,0.102429131,3.199394562,0.001377166,0.00529346
"ADIPOR2","ENSG00000006831","ADIPOR2","protein_coding",2505.634291,0.568345922,0.089355944,6.36047138,2.01e-10,3.15e-09
"ADRBK2","ENSG00000100077","ADRBK2","protein_coding",11.3290467,-1.165926919,0.348431271,-3.346217797,0.00081922,0.003386345
"AGFG2","ENSG00000106351","AGFG2","protein_coding",128.6416599,0.499617482,0.164075085,3.045053934,0.002326386,0.008382046
"AGPAT5","ENSG00000155189","AGPAT5","protein_coding",416.9549872,0.348550789,0.118422994,2.943269537,0.003247655,0.011206477
"AGTRAP","ENSG00000177674","AGTRAP","protein_coding",545.7871806,0.27390141,0.112312665,2.438740185,0.014738561,0.04103697
"AHCYL1","ENSG00000168710","AHCYL1","protein_coding",2720.851499,-0.524324816,0.073723313,-7.112062612,1.14e-12,2.55e-11
"AK5","ENSG00000154027","AK5","protein_coding",19.16628916,1.067992466,0.344345911,3.101510521,0.00192536,0.00710022
"AKAP11","ENSG00000023516","AKAP11","protein_coding",757.466072,-0.26817976,0.118263228,-2.267651282,0.023350469,0.060328093
"AKT3","ENSG00000117020","AKT3","protein_coding",1359.868053,-0.774025,0.094514438,-8.1894895,2.62e-16,9.01e-15
"ALDH1L2","ENSG00000136010","ALDH1L2","protein_coding",44.55935532,-0.582504944,0.242692139,-2.400180516,0.016386988,0.044720637
"ALDH5A1","ENSG00000112294","ALDH5A1","protein_coding",598.2554109,-0.207043974,0.097105802,-2.132148328,0.032994655,0.08038329
"ALG1","ENSG00000033011","ALG1","protein_coding",408.9747049,0.516833077,0.114997283,4.49430687,6.98e-06,4.8e-05
"AMOTL1","ENSG00000166025","AMOTL1","protein_coding",1531.630608,-0.196487564,0.089003518,-2.20763816,0.027269507,0.068567573
"ANAPC7","ENSG00000196510","ANAPC7","protein_coding",802.227449,0.249898124,0.082902681,3.014355141,0.002575262,0.009163589
"ANK2","ENSG00000145362","ANK2","protein_coding",42.79787318,-1.368409749,0.262366034,-5.215651321,1.83e-07,1.76e-06
"ANKH","ENSG00000154122","ANKH","protein_coding",589.9342315,-0.213134018,0.10523289,-2.025355547,0.042830869,0.099662984
"ANKRD13C","ENSG00000118454","ANKRD13C","protein_coding",477.7066089,-0.228190451,0.10272924,-2.22128044,0.026331973,0.066724786
"ANKRD44","ENSG00000065413","ANKRD44","protein_coding",31.93894769,0.821293627,0.266869876,3.077505931,0.002087407,0.007626038
"ANTXR2","ENSG00000163297","ANTXR2","protein_coding",2464.07622,0.609825796,0.12475337,4.8882511,1.02e-06,8.42e-06
"AP3S2","ENSG00000157823","AP3S2","protein_coding",174.5503203,-0.680020982,0.144670696,-4.700474953,2.6e-06,1.98e-05
"APC2","ENSG00000115266","APC2","protein_coding",9.077823235,0.871922684,0.356244167,2.447542345,0.014383422,0.040202983
"APOL6","ENSG00000221963","APOL6","protein_coding",1327.146452,-0.38720448,0.130023833,-2.977950047,0.002901833,0.010179678
"APPBP2","ENSG00000062725","APPBP2","protein_coding",750.7218049,-0.215700764,0.099071936,-2.177213581,0.029464635,0.073278187
"AQP1","ENSG00000240583","AQP1","protein_coding",15.06581798,-0.775611981,0.329974125,-2.350523636,0.018747017,0.050116623
"ARAP2","ENSG00000047365","ARAP2","protein_coding",267.6217347,-0.689293069,0.137799185,-5.002156371,5.67e-07,4.98e-06
"ARFGAP3","ENSG00000242247","ARFGAP3","protein_coding",422.5789182,-0.559388272,0.115845329,-4.828751226,1.37e-06,1.11e-05
"ARHGAP19","ENSG00000213390","ARHGAP19","protein_coding",237.7965448,0.424819174,0.135599491,3.13289653,0.001730904,0.006492551
"ARHGAP23","ENSG00000275832","ARHGAP23","protein_coding",80.202618,-0.853761621,0.186625503,-4.574731786,4.77e-06,3.4e-05
"ARHGAP35","ENSG00000160007","ARHGAP35","protein_coding",1583.473405,-0.31902912,0.092207816,-3.459892397,0.000540391,0.002356577
"ARHGEF12","ENSG00000196914","ARHGEF12","protein_coding",2244.454629,-0.285631718,0.09152917,-3.120663259,0.001804442,0.006716872
"ARHGEF9","ENSG00000131089","ARHGEF9","protein_coding",326.2198886,-0.227344178,0.110526081,-2.056927893,0.039693162,0.093834991
"ARRB1","ENSG00000137486","ARRB1","protein_coding",241.1530564,0.342775001,0.144146211,2.377967476,0.017408361,0.047121314
"ARRDC3","ENSG00000113369","ARRDC3","protein_coding",658.4173401,0.279561118,0.091132117,3.067646463,0.002157517,0.007833012
"ARSD","ENSG00000006756","ARSD","protein_coding",521.1026231,0.322412126,0.128808021,2.503043859,0.012313028,0.035233357
"ARSJ","ENSG00000180801","ARSJ","protein_coding",228.2260593,1.046158287,0.132690309,7.884210196,3.17e-15,9.87e-14
"ASCC1","ENSG00000138303","ASCC1","protein_coding",259.626545,-0.330732279,0.123225227,-2.683965669,0.007275458,0.022486303
"ATAD2","ENSG00000156802","ATAD2","protein_coding",2739.897966,0.672320072,0.107719381,6.241403046,4.34e-10,6.37e-09
"ATP11C","ENSG00000101974","ATP11C","protein_coding",1050.471211,0.27682294,0.098882004,2.79952801,0.005117738,0.016588254
"ATP13A3","ENSG00000133657","ATP13A3","protein_coding",5110.440108,0.362258954,0.091465969,3.960587281,7.48e-05,0.000407741
"ATP2A3","ENSG00000074370","ATP2A3","protein_coding",143.2157251,0.522902068,0.165119434,3.166811181,0.001541204,0.00585763
"ATP5J2","ENSG00000241468","ATP5J2","protein_coding",760.8271372,0.537561069,0.101827869,5.279115406,1.3e-07,1.27e-06
"ATP6V1C1","ENSG00000155097","ATP6V1C1","protein_coding",1642.486759,0.219282997,0.085325048,2.569972151,0.010170669,0.029895331
"ATP6V1C2","ENSG00000143882","ATP6V1C2","protein_coding",18.35345577,-0.978019674,0.300497263,-3.254670822,0.001135239,0.004475424
"ATXN7L3","ENSG00000087152","ATXN7L3","protein_coding",1529.901541,-0.151278842,0.072998754,-2.072348272,0.038232974,0.090975656
"B3GALT5","ENSG00000183778","B3GALT5","protein_coding",142.6652104,1.101788232,0.157784018,6.982888679,2.89e-12,6.03e-11
"BCR","ENSG00000186716","BCR","protein_coding",563.7862032,-0.239127503,0.09359631,-2.554881736,0.010622388,0.031036561
"BDKRB2","ENSG00000168398","BDKRB2","protein_coding",42.47805632,-1.09433739,0.243438918,-4.49532638,6.95e-06,4.78e-05
"BEND7","ENSG00000165626","BEND7","protein_coding",119.4555194,-0.94628043,0.161936592,-5.843524429,5.11e-09,6.37e-08
"BMF","ENSG00000104081","BMF","protein_coding",125.2774948,-0.577939409,0.168762919,-3.424563949,0.000615787,0.002645132
"BMP3","ENSG00000152785","BMP3","protein_coding",219.0216606,-0.667228986,0.254211865,-2.624696471,0.008672624,0.02615788
"BMP4","ENSG00000125378","BMP4","protein_coding",205.5336509,0.949733415,0.145870001,6.510820662,7.47e-11,1.23e-09
"BMPR2","ENSG00000204217","BMPR2","protein_coding",848.1982271,0.897424435,0.121535766,7.38403568,1.54e-13,3.79e-12
"BNC2","ENSG00000173068","BNC2","protein_coding",138.9874236,0.556088667,0.162181856,3.428797033,0.000606263,0.00260624
"BRD4","ENSG00000141867","BRD4","protein_coding",965.2586465,-0.369663729,0.088129869,-4.194533944,2.73e-05,0.000166179
"BTBD9","ENSG00000183826","BTBD9","protein_coding",181.4405208,0.344431735,0.151561684,2.272551525,0.02305322,0.059713315
"C12orf5","ENSG00000078237","C12orf5","protein_coding",141.5158007,-0.431512355,0.16141297,-2.673343761,0.007509925,0.023133574
"C15orf56","ENSG00000176753","C15orf56","protein_coding",9.543823463,-0.782872695,0.353317751,-2.215775156,0.026706905,0.067448726
"C16orf52","ENSG00000185716","C16orf52","protein_coding",576.1383588,0.464592416,0.091109582,5.099270619,3.41e-07,3.11e-06
"C1orf106","ENSG00000163362","C1orf106","protein_coding",451.5140524,-1.158523889,0.121127039,-9.564535673,1.13e-21,6.55e-20
"C1orf21","ENSG00000116667","C1orf21","protein_coding",68.14785421,0.932465943,0.216146896,4.3140381,1.6e-05,0.000102282
"C1orf95","ENSG00000203685","C1orf95","protein_coding",8.048268709,1.003907753,0.364486993,2.75430337,0.005881722,0.018696478
"C2orf68","ENSG00000168887","C2orf68","protein_coding",417.1239926,-0.243140676,0.10124922,-2.401407884,0.01633212,0.044585536
"C3orf17","ENSG00000163608","C3orf17","protein_coding",952.3935236,-0.222397967,0.088889654,-2.501955597,0.012350941,0.035335763
"C5orf45","ENSG00000161010","C5orf45","protein_coding",322.5615636,0.772511074,0.233973711,3.301700302,0.000961007,0.003889393
"C7orf60","ENSG00000164603","C7orf60","protein_coding",99.06579383,0.440933877,0.182194667,2.420125045,0.015515171,0.042805087
"C9orf3","ENSG00000148120","C9orf3","protein_coding",265.5316425,-0.538660072,0.112009626,-4.809051593,1.52e-06,1.21e-05
"CA12","ENSG00000074410","CA12","protein_coding",571.291937,1.632167845,0.128075348,12.74380959,3.38e-37,5.5e-35
"CACNA1I","ENSG00000100346","CACNA1I","protein_coding",8.297275852,-0.952265683,0.356651555,-2.670016908,0.007584743,0.023346742
"CACNG8","ENSG00000142408","CACNG8","protein_coding",87.13834246,-0.588984018,0.181320416,-3.248305013,0.001160947,0.004560415
"CALCOCO1","ENSG00000012822","CALCOCO1","protein_coding",1094.52346,-0.418122845,0.133154051,-3.14014364,0.00168865,0.006354124
"CAMK2G","ENSG00000148660","CAMK2G","protein_coding",2719.939926,0.223326078,0.067789817,3.294389738,0.000986356,0.00397218
"CAMK2N1","ENSG00000162545","CAMK2N1","protein_coding",979.5750583,0.218692655,0.091881099,2.380170211,0.017304643,0.046901646
"CAPN2","ENSG00000162909","CAPN2","protein_coding",7156.386953,0.404225343,0.066931399,6.039397797,1.55e-09,2.09e-08
"CARD8","ENSG00000105483","CARD8","protein_coding",188.5799456,-0.379899928,0.142767822,-2.66096326,0.007791746,0.023904271
"CASP1","ENSG00000137752","CASP1","protein_coding",24.51366082,-1.833472359,0.290059579,-6.321019856,2.6e-10,3.98e-09
"CBLL1","ENSG00000105879","CBLL1","protein_coding",485.5417002,-0.236205074,0.110988244,-2.128199049,0.033320584,0.081049541
"CBX1","ENSG00000108468","CBX1","protein_coding",1431.93031,0.56963249,0.112391458,5.068289892,4.01e-07,3.62e-06
"CC2D1B","ENSG00000154222","CC2D1B","protein_coding",488.6330641,-0.279232039,0.099358322,-2.810353803,0.004948707,0.016118921
"CCDC137","ENSG00000185298","CCDC137","protein_coding",496.8913993,0.252453554,0.113801786,2.218361964,0.026530162,0.06709796
"CCDC149","ENSG00000181982","CCDC149","protein_coding",205.7183227,-0.421948368,0.131295681,-3.213726183,0.001310246,0.005066689
"CCDC40","ENSG00000141519","CCDC40","protein_coding",81.49029106,-0.486213249,0.200994112,-2.419042249,0.015561433,0.042904245
"CCDC68","ENSG00000166510","CCDC68","protein_coding",79.14438969,0.56624691,0.208627528,2.714152413,0.006644559,0.020760189
"CCDC88C","ENSG00000015133","CCDC88C","protein_coding",493.509107,-0.346559254,0.099761917,-3.473863225,0.000513022,0.002249021
"CCDC91","ENSG00000123106","CCDC91","protein_coding",287.9578768,-0.715514762,0.130665694,-5.475919051,4.35e-08,4.64e-07
"CCDC93","ENSG00000125633","CCDC93","protein_coding",640.1132923,0.748208622,0.089780003,8.333800396,7.83e-17,2.9e-15
"CCND1","ENSG00000110092","CCND1","protein_coding",6076.195224,0.427950419,0.090708691,4.717854658,2.38e-06,1.83e-05
"CCNG2","ENSG00000138764","CCNG2","protein_coding",550.4180547,0.496438946,0.109286951,4.542527181,5.56e-06,3.9e-05
"CCNJ","ENSG00000107443","CCNJ","protein_coding",181.8353478,-0.552950761,0.146104916,-3.784614338,0.000153947,0.000769201
"CCR1","ENSG00000163823","CCR1","protein_coding",30.24192207,-0.615104544,0.265920927,-2.313110705,0.020716553,0.054557309
"CD151","ENSG00000177697","CD151","protein_coding",4493.58179,0.445263792,0.08566229,5.19789736,2.02e-07,1.92e-06
"CD164","ENSG00000135535","CD164","protein_coding",6328.531364,0.634376861,0.085377852,7.430227451,1.08e-13,2.73e-12
"CD177","ENSG00000204936","CD177","protein_coding",5.987273,-0.837120739,0.367109788,-2.280300787,0.022589855,0.058682098
"CD302","ENSG00000241399","CD302","protein_coding",267.4357115,0.867338611,0.135467944,6.402537628,1.53e-10,2.43e-09
"CDC42BPA","ENSG00000143776","CDC42BPA","protein_coding",1504.886937,-0.284799211,0.091448898,-3.114298993,0.001843825,0.006838976
"CDC73","ENSG00000134371","CDC73","protein_coding",407.7028381,-0.331645949,0.118717677,-2.79356838,0.005213001,0.016854321
"CDCA3","ENSG00000111665","CDCA3","protein_coding",578.6156779,0.608314583,0.141217547,4.307641613,1.65e-05,0.000104962
"CDK13","ENSG00000065883","CDK13","protein_coding",745.0144907,-0.361897905,0.095747466,-3.779712599,0.000157009,0.000782599
"CDKN2B","ENSG00000147883","CDKN2B","protein_coding",826.0518336,-0.501027446,0.206437747,-2.427014695,0.015223639,0.042133601
"CDON","ENSG00000064309","CDON","protein_coding",579.2028338,0.728655867,0.135230287,5.388259398,7.11e-08,7.33e-07
"CDSN","ENSG00000204539","CDSN","protein_coding",32.13349084,0.567214616,0.273197017,2.076210873,0.037874452,0.090277579
"CDT1","ENSG00000167513","CDT1","protein_coding",74.62886707,1.381012774,0.235619134,5.861208075,4.6e-09,5.78e-08
"CDV3","ENSG00000091527","CDV3","protein_coding",1717.687877,-0.542564533,0.105591113,-5.13835413,2.77e-07,2.56e-06
"CEP41","ENSG00000106477","CEP41","protein_coding",411.4270743,0.595031852,0.121310117,4.905047217,9.34e-07,7.78e-06
"CEP57","ENSG00000166037","CEP57","protein_coding",910.4704424,-0.34675662,0.087752833,-3.951514802,7.77e-05,0.000421442
"CERS6","ENSG00000172292","CERS6","protein_coding",1454.083344,0.992318466,0.100306251,9.892887558,4.47e-23,2.85e-21
"CHAF1B","ENSG00000159259","CHAF1B","protein_coding",337.0955888,1.022219839,0.152786972,6.690490861,2.22e-11,4.01e-10
"CHCHD6","ENSG00000159685","CHCHD6","protein_coding",137.6322242,-0.324385566,0.15559343,-2.084828175,0.0370849,0.088675255
"CHD5","ENSG00000116254","CHD5","protein_coding",65.60200488,1.494023816,0.219414043,6.809153136,9.82e-12,1.88e-10
"CHML","ENSG00000203668","CHML","protein_coding",1762.510748,1.111338708,0.096467053,11.52039654,1.04e-30,1.16e-28
"CHMP1B","ENSG00000255112","CHMP1B","protein_coding",1133.176077,-0.251537003,0.087556912,-2.872840046,0.004068,0.013571972
"CHST11","ENSG00000171310","CHST11","protein_coding",1398.661102,-0.423251062,0.09626441,-4.396755349,1.1e-05,7.26e-05
"CHST12","ENSG00000136213","CHST12","protein_coding",130.1341806,0.620564546,0.180888546,3.430645889,0.000602146,0.002593236
"CIRBP","ENSG00000099622","CIRBP","protein_coding",1378.109775,-0.667618031,0.086367918,-7.729930859,1.08e-14,3.05e-13
"CLCN6","ENSG00000011021","CLCN6","protein_coding",351.564648,0.487288371,0.121188611,4.020908953,5.8e-05,0.000326114
"CLDND1","ENSG00000080822","CLDND1","protein_coding",1820.965002,-0.282994073,0.089999651,-3.144390782,0.00166433,0.00627824
"CMTM4","ENSG00000183723","CMTM4","protein_coding",1018.472597,0.29462807,0.098996553,2.976144723,0.002918971,0.010226853
"CNOT7","ENSG00000198791","CNOT7","protein_coding",366.1655396,-0.252626641,0.113671243,-2.222432284,0.026254106,0.066547754
"CNTNAP2","ENSG00000174469","CNTNAP2","protein_coding",217.0107942,0.684683066,0.149565049,4.577827973,4.7e-06,3.36e-05
"COG5","ENSG00000164597","COG5","protein_coding",797.6887033,-0.405512448,0.103795207,-3.906851376,9.35e-05,0.000495484
"COPS2","ENSG00000166200","COPS2","protein_coding",888.4383003,-0.419781146,0.106797975,-3.930609585,8.47e-05,0.000454485
"COTL1","ENSG00000103187","COTL1","protein_coding",4127.378092,0.328346453,0.11030271,2.976775934,0.002912968,0.010212278
"COX19","ENSG00000240230","COX19","protein_coding",293.16953,-0.635383119,0.147876665,-4.296709814,1.73e-05,0.000109601
"CPA4","ENSG00000128510","CPA4","protein_coding",706.813449,-0.627164415,0.143490547,-4.370771646,1.24e-05,8.11e-05
"CPAMD8","ENSG00000160111","CPAMD8","protein_coding",261.6901729,-0.393074635,0.142177492,-2.764675549,0.005697944,0.018199272
"CPNE2","ENSG00000140848","CPNE2","protein_coding",222.2647684,0.429795424,0.142508946,3.015918902,0.002562018,0.009124273
"CPPED1","ENSG00000103381","CPPED1","protein_coding",107.1313492,-0.494702486,0.168962657,-2.927880603,0.003412811,0.011691021
"CREB3L2","ENSG00000182158","CREB3L2","protein_coding",1179.329296,-0.342804253,0.121109908,-2.830521952,0.004647212,0.015244396
"CREBBP","ENSG00000005339","CREBBP","protein_coding",776.4511478,-0.434031374,0.111490499,-3.892989784,9.9e-05,0.000520368
"CS","ENSG00000062485","CS","protein_coding",2327.203611,0.310257753,0.093935717,3.302873098,0.000956997,0.003876478
"CSF1","ENSG00000184371","CSF1","protein_coding",294.9705209,-1.207067358,0.117367506,-10.28451058,8.28e-25,6.09e-23
"CSRNP3","ENSG00000178662","CSRNP3","protein_coding",37.53750651,1.275157817,0.274867518,4.639172456,3.5e-06,2.57e-05
"CTDSP1","ENSG00000144579","CTDSP1","protein_coding",748.5115317,0.231045265,0.088330831,2.615680878,0.008904974,0.02675676
"CTDSPL","ENSG00000144677","CTDSPL","protein_coding",282.2288493,0.361762567,0.129874579,2.785476329,0.005344914,0.017207209
"CTTNBP2NL","ENSG00000143079","CTTNBP2NL","protein_coding",381.3800769,-0.312546914,0.114596951,-2.727358022,0.006384373,0.020060345
"CXADR","ENSG00000154639","CXADR","protein_coding",187.1929935,2.116060934,0.166615424,12.7002704,5.89e-37,9.42e-35
"CYB5R2","ENSG00000166394","CYB5R2","protein_coding",56.57831849,-0.793928542,0.213536771,-3.7179945,0.000200811,0.000969535
"CYB5R3","ENSG00000100243","CYB5R3","protein_coding",1297.671386,0.39916359,0.107156891,3.725038936,0.000195285,0.000945878
"CYBRD1","ENSG00000071967","CYBRD1","protein_coding",129.7438267,1.687939085,0.174439778,9.676342757,3.8e-22,2.29e-20
"CYFIP2","ENSG00000055163","CYFIP2","protein_coding",542.22064,-0.905156879,0.096347656,-9.394695407,5.74e-21,3.22e-19
"CYP2B6","ENSG00000197408","CYP2B6","protein_coding",8.434639195,-1.53021504,0.35950666,-4.2564303,2.08e-05,0.000129603
"CYP2S1","ENSG00000167600","CYP2S1","protein_coding",237.9147472,0.399966006,0.127823558,3.129047675,0.001753739,0.006558966
"CYP4F11","ENSG00000171903","CYP4F11","protein_coding",7.000574374,-0.828770875,0.364146869,-2.275924756,0.022850514,0.059238905
"CYP4V2","ENSG00000145476","CYP4V2","protein_coding",49.12884261,-1.441367586,0.217061874,-6.64035355,3.13e-11,5.51e-10
"DACT3","ENSG00000197380","DACT3","protein_coding",7.755056001,0.840125143,0.363381163,2.311966684,0.020779519,0.054688485
"DAG1","ENSG00000173402","DAG1","protein_coding",7461.009514,0.410609275,0.081824605,5.018163864,5.22e-07,4.62e-06
"DCAF10","ENSG00000122741","DCAF10","protein_coding",452.4626804,-0.863841223,0.107579914,-8.029763068,9.77e-16,3.16e-14
"DCAF4L1","ENSG00000182308","DCAF4L1","protein_coding",12.46389184,0.803646243,0.355192412,2.262565912,0.023662461,0.060963652
"DCAF8","ENSG00000132716","DCAF8","protein_coding",1051.889485,-0.254492541,0.109390769,-2.326453527,0.019994369,0.052948936
"DCBLD2","ENSG00000057019","DCBLD2","protein_coding",14032.85788,0.754366752,0.103436513,7.293041189,3.03e-13,7.3e-12
"DCLK1","ENSG00000133083","DCLK1","protein_coding",4.055415612,-0.92904982,0.361623004,-2.569111508,0.010195964,0.029953798
"DDR1","ENSG00000204580","DDR1","protein_coding",4530.355129,0.319121514,0.076413074,4.176268514,2.96e-05,0.000178141
"DEDD2","ENSG00000160570","DEDD2","protein_coding",162.1951755,-0.515094936,0.146634375,-3.512784332,0.000443437,0.001974361
"DENND1A","ENSG00000119522","DENND1A","protein_coding",316.2344453,-0.773099534,0.115206868,-6.710533385,1.94e-11,3.53e-10
"DENND4C","ENSG00000137145","DENND4C","protein_coding",481.7292888,-0.294173227,0.108050586,-2.722550971,0.006478004,0.020316154
"DGKA","ENSG00000065357","DGKA","protein_coding",572.8361392,-0.418060627,0.111103812,-3.762792827,0.000168026,0.000829802
"DHCR7","ENSG00000172893","DHCR7","protein_coding",6827.404043,0.52737544,0.092984003,5.671679275,1.41e-08,1.65e-07
"DHX57","ENSG00000163214","DHX57","protein_coding",465.9929729,-0.23312028,0.101771435,-2.290625855,0.021985062,0.05734394
"DIDO1","ENSG00000101191","DIDO1","protein_coding",1280.779482,0.238383063,0.086571396,2.753600757,0.005894362,0.018728224
"DIEXF","ENSG00000117597","DIEXF","protein_coding",522.4065273,-0.277458671,0.100412626,-2.763185091,0.00572403,0.018258041
"DIMT1","ENSG00000086189","DIMT1","protein_coding",551.7570613,-0.420197215,0.110091383,-3.816803849,0.000135192,0.000685983
"DIP2C","ENSG00000151240","DIP2C","protein_coding",202.1883295,-0.442110116,0.129536044,-3.413027767,0.000642454,0.002747406
"DLG1","ENSG00000075711","DLG1","protein_coding",1840.826458,-0.483639179,0.080269499,-6.02519243,1.69e-09,2.27e-08
"DMXL1","ENSG00000172869","DMXL1","protein_coding",367.6749735,0.268037088,0.103138783,2.59880018,0.009355021,0.027882289
"DMXL2","ENSG00000104093","DMXL2","protein_coding",330.9513357,0.514824821,0.119131896,4.321469218,1.55e-05,9.92e-05
"DNAH17","ENSG00000187775","DNAH17","protein_coding",24.60647575,-1.584131815,0.288038295,-5.499726406,3.8e-08,4.11e-07
"DNAH8","ENSG00000124721","DNAH8","protein_coding",20.75626159,2.147686424,0.327784635,6.552126599,5.67e-11,9.62e-10
"DNAJC6","ENSG00000116675","DNAJC6","protein_coding",147.3982115,-0.396293418,0.14924419,-2.655335641,0.007922953,0.024257571
"DNM1","ENSG00000106976","DNM1","protein_coding",326.7836035,1.268162078,0.131400035,9.651154794,4.86e-22,2.91e-20
"DNM1L","ENSG00000087470","DNM1L","protein_coding",880.0264387,-0.516920847,0.096053081,-5.381616496,7.38e-08,7.58e-07
"DNM2","ENSG00000079805","DNM2","protein_coding",2756.247875,-0.191832143,0.077471511,-2.476163709,0.013280267,0.037587111
"DOCK5","ENSG00000147459","DOCK5","protein_coding",1196.991502,-0.194021665,0.094955,-2.043301202,0.041022631,0.096247749
"DOCK9","ENSG00000088387","DOCK9","protein_coding",612.3770678,-0.490102139,0.104635568,-4.683896171,2.81e-06,2.12e-05
"DOPEY1","ENSG00000083097","DOPEY1","protein_coding",182.2716678,-0.29902761,0.137314991,-2.177676357,0.02943014,0.073203721
"DST","ENSG00000151914","DST","protein_coding",1691.545177,0.610190319,0.116192819,5.251532113,1.51e-07,1.47e-06
"DSTYK","ENSG00000133059","DSTYK","protein_coding",467.3725265,-0.232691007,0.106217001,-2.190713397,0.028472539,0.071130015
"DTX4","ENSG00000110042","DTX4","protein_coding",731.3778271,-0.381615106,0.097701201,-3.905940802,9.39e-05,0.000496879
"DUSP1","ENSG00000120129","DUSP1","protein_coding",143.2651711,-1.248993064,0.192275257,-6.495859563,8.26e-11,1.35e-09
"DUSP16","ENSG00000111266","DUSP16","protein_coding",412.3288298,-0.894885818,0.126097897,-7.096754514,1.28e-12,2.82e-11
"E2F3","ENSG00000112242","E2F3","protein_coding",534.7050955,0.48491346,0.100642066,4.818198592,1.45e-06,1.16e-05
"E2F8","ENSG00000129173","E2F8","protein_coding",291.2824955,0.858057469,0.137912132,6.221769304,4.92e-10,7.15e-09
"EBF4","ENSG00000088881","EBF4","protein_coding",45.8035796,-0.972916578,0.226292098,-4.299383793,1.71e-05,0.000108493
"EBNA1BP2","ENSG00000117395","EBNA1BP2","protein_coding",1575.715109,-0.297748581,0.113620709,-2.620548518,0.008778844,0.026430312
"EDEM1","ENSG00000134109","EDEM1","protein_coding",1791.691736,0.30219158,0.105424396,2.866429336,0.004151308,0.013805591
"EDN1","ENSG00000078401","EDN1","protein_coding",120.3545652,-0.895723558,0.166287057,-5.38661019,7.18e-08,7.38e-07
"EEF2K","ENSG00000103319","EEF2K","protein_coding",406.5794395,0.539833067,0.108846333,4.959588896,7.06e-07,6.05e-06
"EFCAB2","ENSG00000203666","EFCAB2","protein_coding",61.02749474,-0.570450227,0.215911453,-2.642056354,0.008240434,0.025053029
"EFNB1","ENSG00000090776","EFNB1","protein_coding",705.4215957,0.222073077,0.09610168,2.310813691,0.020843148,0.054797732
"EIF2AK1","ENSG00000086232","EIF2AK1","protein_coding",3628.034971,0.190037534,0.07950662,2.390210195,0.016838733,0.045773164
"EIF2S2","ENSG00000125977","EIF2S2","protein_coding",1626.307661,-0.557939194,0.108187911,-5.15713069,2.51e-07,2.35e-06
"ELMO2","ENSG00000062598","ELMO2","protein_coding",597.7705024,-0.215462154,0.092154171,-2.338061878,0.019384038,0.051620402
"ELOVL4","ENSG00000118402","ELOVL4","protein_coding",222.8794626,-0.566648393,0.135374023,-4.185798568,2.84e-05,0.000171516
"ELOVL5","ENSG00000012660","ELOVL5","protein_coding",4046.308862,0.621496733,0.083722755,7.423271441,1.14e-13,2.87e-12
"EML4","ENSG00000143924","EML4","protein_coding",1130.178218,0.445959692,0.079947666,5.578145258,2.43e-08,2.73e-07
"EMP2","ENSG00000213853","EMP2","protein_coding",2355.753745,0.577718253,0.091687492,6.30094945,2.96e-10,4.47e-09
"ENPP1","ENSG00000197594","ENPP1","protein_coding",297.0460527,0.823878952,0.133817758,6.156723598,7.43e-10,1.05e-08
"ENPP5","ENSG00000112796","ENPP5","protein_coding",152.2122832,0.359322713,0.159935672,2.246670229,0.02466111,0.063096621
"ENTPD6","ENSG00000197586","ENTPD6","protein_coding",3113.320414,0.311503224,0.087798308,3.547941094,0.000388255,0.001753845
"EPHA4","ENSG00000116106","EPHA4","protein_coding",118.3678137,-0.592040815,0.170393173,-3.474557135,0.000511697,0.002244396
"ERBB2IP","ENSG00000112851","ERBB2IP","protein_coding",937.8684474,-0.441390711,0.106214265,-4.155663202,3.24e-05,0.000192821
"ERGIC1","ENSG00000113719","ERGIC1","protein_coding",5264.137944,0.601266291,0.086590751,6.943770381,3.82e-12,7.84e-11
"ERMAP","ENSG00000164010","ERMAP","protein_coding",211.385115,-0.353038141,0.124608401,-2.833180903,0.00460873,0.015133088
"ESCO2","ENSG00000171320","ESCO2","protein_coding",199.5257555,0.50924316,0.150530156,3.382997618,0.000716993,0.003022092
"EVI5","ENSG00000067208","EVI5","protein_coding",296.8654331,-0.470802305,0.126255678,-3.72895945,0.000192272,0.000934469
"EVI5L","ENSG00000142459","EVI5L","protein_coding",417.1131897,-0.378037351,0.124325584,-3.040704414,0.002360254,0.008485688
"FAM117B","ENSG00000138439","FAM117B","protein_coding",125.7032513,0.555090717,0.170580472,3.254128165,0.00113741,0.004482779
"FAM120C","ENSG00000184083","FAM120C","protein_coding",257.0532719,-0.465386159,0.125389855,-3.711513661,0.000206024,0.000992398
"FAM122A","ENSG00000187866","FAM122A","protein_coding",135.8047621,-0.454931705,0.159221409,-2.857226966,0.004273601,0.014166954
"FAM122C","ENSG00000156500","FAM122C","protein_coding",44.94543976,-0.574114791,0.228752205,-2.509767242,0.012081076,0.034671063
"FAM131B","ENSG00000159784","FAM131B","protein_coding",540.4189796,0.368792827,0.12010544,3.070575553,0.002136466,0.007773558
"FAM13A","ENSG00000138640","FAM13A","protein_coding",200.913485,-0.332645104,0.135071767,-2.462728598,0.013788424,0.038807366
"FAM167A","ENSG00000154319","FAM167A","protein_coding",32.62935318,-1.923910932,0.266496992,-7.219259469,5.23e-13,1.21e-11
"FAM177A1","ENSG00000151327","FAM177A1","protein_coding",465.7795936,0.252262434,0.122407592,2.060839762,0.03931833,0.093147906
"FAM20C","ENSG00000177706","FAM20C","protein_coding",2717.858724,1.161153516,0.112439521,10.32691628,5.32e-25,4.01e-23
"FAM210B","ENSG00000124098","FAM210B","protein_coding",1439.738366,0.228761914,0.087579926,2.61203593,0.009000479,0.026991267
"FAM60A","ENSG00000139146","FAM60A","protein_coding",347.5955334,-0.436601486,0.123233843,-3.542870002,0.000395798,0.001783074
"FAM69A","ENSG00000154511","FAM69A","protein_coding",228.3548368,1.040687287,0.1433605,7.259233129,3.89e-13,9.19e-12
"FAM84A","ENSG00000162981","FAM84A","protein_coding",561.7254415,1.336875682,0.138744284,9.635536973,5.66e-22,3.36e-20
"FANCE","ENSG00000112039","FANCE","protein_coding",130.4590483,0.943717395,0.163659828,5.766335009,8.1e-09,9.8e-08
"FBXL16","ENSG00000127585","FBXL16","protein_coding",71.8013854,0.81725556,0.224705627,3.637005316,0.000275826,0.0012905
"FGFRL1","ENSG00000127418","FGFRL1","protein_coding",913.6802524,0.337002174,0.102070307,3.301667082,0.000961121,0.003889393
"FHOD3","ENSG00000134775","FHOD3","protein_coding",416.3257309,-0.392413285,0.113440684,-3.45919356,0.000541795,0.002361461
"FLNC","ENSG00000128591","FLNC","protein_coding",826.1232577,-0.381463885,0.121564084,-3.137965371,0.00170125,0.006397191
"FNDC3A","ENSG00000102531","FNDC3A","protein_coding",639.102374,-0.76963221,0.110845631,-6.943279588,3.83e-12,7.85e-11
"FNDC3B","ENSG00000075420","FNDC3B","protein_coding",2658.508876,-0.255080056,0.093979273,-2.714216095,0.006643282,0.020760099
"FOXN2","ENSG00000170802","FOXN2","protein_coding",321.6438899,-0.4095592,0.122247689,-3.350240837,0.000807413,0.003345544
"FOXRED2","ENSG00000100350","FOXRED2","protein_coding",63.11285165,3.570734813,0.292807282,12.19482928,3.31e-34,4.41e-32
"FRMPD4","ENSG00000169933","FRMPD4","protein_coding",26.24152117,0.861933427,0.309411759,2.785716451,0.005340957,0.017199606
"FUCA2","ENSG00000001036","FUCA2","protein_coding",1741.578579,0.323151954,0.090353148,3.57654339,0.000348168,0.001590912
"FUT11","ENSG00000196968","FUT11","protein_coding",582.5697276,0.622182071,0.118710956,5.241151217,1.6e-07,1.55e-06
"FZD5","ENSG00000163251","FZD5","protein_coding",212.024235,0.958420838,0.135401407,7.078366916,1.46e-12,3.17e-11
"G2E3","ENSG00000092140","G2E3","protein_coding",846.2881722,0.379632007,0.092061256,4.12368918,3.73e-05,0.000218379
"GABRB3","ENSG00000166206","GABRB3","protein_coding",281.0320906,-0.388035133,0.125865218,-3.082941735,0.002049653,0.00750862
"GADD45B","ENSG00000099860","GADD45B","protein_coding",408.0490644,-1.156212199,0.123157079,-9.388109916,6.11e-21,3.4e-19
"GALNT13","ENSG00000144278","GALNT13","protein_coding",27.37053283,2.330920285,0.3041875,7.662774732,1.82e-14,5e-13
"GAPDH","ENSG00000111640","GAPDH","protein_coding",19682.47345,0.485110811,0.099226959,4.888901316,1.01e-06,8.41e-06
"GAS6","ENSG00000183087","GAS6","protein_coding",582.0448163,-0.276900617,0.112316503,-2.465360038,0.013687564,0.038566435
"GCLC","ENSG00000001084","GCLC","protein_coding",1084.447181,-0.427244569,0.11277233,-3.788558501,0.000151524,0.000758897
"GDAP1","ENSG00000104381","GDAP1","protein_coding",489.8037043,-0.538107094,0.111993273,-4.804816227,1.55e-06,1.23e-05
"GHR","ENSG00000112964","GHR","protein_coding",42.06412192,0.976205351,0.251318272,3.884338946,0.000102609,0.00053586
"GIGYF2","ENSG00000204120","GIGYF2","protein_coding",998.4687338,0.181477409,0.081195108,2.235078121,0.025412221,0.064729535
"GINS3","ENSG00000181938","GINS3","protein_coding",153.9808314,0.598794613,0.164348151,3.643452084,0.000269006,0.001262141
"GJC1","ENSG00000182963","GJC1","protein_coding",638.2067172,0.616247465,0.12498284,4.930656604,8.2e-07,6.91e-06
"GK","ENSG00000198814","GK","protein_coding",35.56279895,-1.491003314,0.264764439,-5.631433427,1.79e-08,2.06e-07
"GLI2","ENSG00000074047","GLI2","protein_coding",26.06436609,0.893377611,0.297598929,3.001951704,0.002682547,0.009502067
"GLI3","ENSG00000106571","GLI3","protein_coding",318.0199763,1.725671319,0.143644955,12.01344885,3.02e-33,3.86e-31
"GLIPR2","ENSG00000122694","GLIPR2","protein_coding",155.1304529,0.411570036,0.156402837,2.63147424,0.008501531,0.025707121
"GLS","ENSG00000115419","GLS","protein_coding",1056.035943,0.211534475,0.089288496,2.369112316,0.017830838,0.048030321
"GNL1","ENSG00000204590","GNL1","protein_coding",710.8701777,0.194881819,0.086305344,2.258050437,0.023942515,0.061608812
"GNS","ENSG00000135677","GNS","protein_coding",4561.003413,0.199878512,0.094252582,2.120668812,0.033949683,0.082302861
"GOLPH3L","ENSG00000143457","GOLPH3L","protein_coding",567.3958596,-0.410949188,0.097761899,-4.203572069,2.63e-05,0.000160263
"GOSR2","ENSG00000108433","GOSR2","protein_coding",526.4069086,-0.42086824,0.096805233,-4.347577363,1.38e-05,8.91e-05
"GPM6B","ENSG00000046653","GPM6B","protein_coding",17.4056077,2.712368412,0.339033483,8.000296564,1.24e-15,3.98e-14
"GPR17","ENSG00000144230","GPR17","protein_coding",72.68047439,-0.584185021,0.212424923,-2.75007759,0.005958115,0.018910392
"GPR97","ENSG00000182885","GPR97","protein_coding",4.315941678,-1.438716873,0.360638563,-3.989359483,6.63e-05,0.000366968
"GRB7","ENSG00000141738","GRB7","protein_coding",461.0039651,-0.368341651,0.129149788,-2.852049992,0.004343827,0.014365384
"GSK3B","ENSG00000082701","GSK3B","protein_coding",2177.514655,-0.527002288,0.090878036,-5.799006151,6.67e-09,8.14e-08
"GTF2H1","ENSG00000110768","GTF2H1","protein_coding",501.2078829,-0.261185216,0.107820065,-2.42241753,0.015417625,0.042578353
"GTPBP6","ENSG00000178605","GTPBP6","protein_coding",164.2702231,0.732649256,0.18039886,4.061274322,4.88e-05,0.000279552
"H2AFJ","ENSG00000246705","H2AFJ","protein_coding",215.2858845,0.422015183,0.150958492,2.795571006,0.005180812,0.016760027
"H2AFY2","ENSG00000099284","H2AFY2","protein_coding",700.3326158,0.482943308,0.106228038,4.546288496,5.46e-06,3.84e-05
"HDAC4","ENSG00000068024","HDAC4","protein_coding",159.5668446,0.451989142,0.151481071,2.983799476,0.002846933,0.010003973
"HDHD1","ENSG00000130021","HDHD1","protein_coding",226.1994364,0.995045825,0.141206873,7.046723734,1.83e-12,3.93e-11
"HEATR1","ENSG00000119285","HEATR1","protein_coding",1388.599454,-0.18334412,0.089911474,-2.039162652,0.041433797,0.097050454
"HEG1","ENSG00000173706","HEG1","protein_coding",615.498183,-0.459995351,0.128777995,-3.572002727,0.000354262,0.001615651
"HHIPL1","ENSG00000182218","HHIPL1","protein_coding",11.5738427,-1.725436235,0.352940299,-4.888748151,1.01e-06,8.41e-06
"HIATL1","ENSG00000148110","HIATL1","protein_coding",1065.436646,0.340863459,0.089649165,3.80219336,0.000143421,0.00072201
"HMGB3","ENSG00000029993","HMGB3","protein_coding",1507.716324,0.330675539,0.107250552,3.083205941,0.002047834,0.00750361
"HOXC8","ENSG00000037965","HOXC8","protein_coding",73.77640975,-0.554973645,0.189109116,-2.934674206,0.003338981,0.01148543
"HPGD","ENSG00000164120","HPGD","protein_coding",1443.733411,0.381247667,0.128211804,2.973576956,0.002943506,0.010288967
"HPSE","ENSG00000173083","HPSE","protein_coding",198.8954942,0.335392132,0.135461615,2.475920087,0.013289332,0.037606367
"ICK","ENSG00000112144","ICK","protein_coding",337.8886281,0.558311451,0.120933603,4.616677541,3.9e-06,2.83e-05
"IFFO2","ENSG00000169991","IFFO2","protein_coding",304.8671947,-0.375994268,0.113760313,-3.305144447,0.000949275,0.003850827
"IFI16","ENSG00000163565","IFI16","protein_coding",66.49701052,-1.973174646,0.21093937,-9.354226514,8.42e-21,4.61e-19
"IFT57","ENSG00000114446","IFT57","protein_coding",465.8136035,-0.608681541,0.106475272,-5.71664695,1.09e-08,1.29e-07
"IGF1R","ENSG00000140443","IGF1R","protein_coding",137.8920148,0.825785047,0.165142289,5.000445691,5.72e-07,5.02e-06
"IGF2","ENSG00000167244","IGF2","protein_coding",23.25234933,0.890937743,0.303851638,2.932147242,0.003366271,0.011564949
"IGFBP2","ENSG00000115457","IGFBP2","protein_coding",354.3775221,2.188336008,0.143247917,15.27656423,1.1e-52,4.92e-50
"IL13RA2","ENSG00000123496","IL13RA2","protein_coding",179.6273514,-1.997991661,0.156893363,-12.73471118,3.79e-37,6.12e-35
"IL17RE","ENSG00000163701","IL17RE","protein_coding",166.0506647,0.56735246,0.173528564,3.269504728,0.001077359,0.0042847
"IL20RB","ENSG00000174564","IL20RB","protein_coding",114.1917788,-3.236803492,0.225665231,-14.34338589,1.17e-46,3.3e-44
"IL22RA1","ENSG00000142677","IL22RA1","protein_coding",38.23098946,1.182753669,0.258294307,4.579093069,4.67e-06,3.34e-05
"IL24","ENSG00000162892","IL24","protein_coding",176.5631531,-3.161880946,0.179337045,-17.63094144,1.43e-69,1.32e-66
"IL32","ENSG00000008517","IL32","protein_coding",46.82580948,-1.869514609,0.250542679,-7.461860849,8.53e-14,2.17e-12
"IL6R","ENSG00000160712","IL6R","protein_coding",232.4338012,0.373097271,0.145008699,2.572930266,0.010084152,0.029683003
"IL6ST","ENSG00000134352","IL6ST","protein_coding",2272.873935,-0.263632281,0.111762759,-2.358856229,0.018331356,0.049179379
"INHBA","ENSG00000122641","INHBA","protein_coding",10148.88322,-0.782774531,0.104492894,-7.491174781,6.83e-14,1.75e-12
"INPP5B","ENSG00000204084","INPP5B","protein_coding",168.3502396,0.2882368,0.140838366,2.046578698,0.040699468,0.095748551
"INSIG1","ENSG00000186480","INSIG1","protein_coding",1692.834756,0.598012609,0.108626623,5.505212172,3.69e-08,4e-07
"INSIG2","ENSG00000125629","INSIG2","protein_coding",475.2481891,0.784846044,0.102901611,7.627150219,2.4e-14,6.48e-13
"INTS2","ENSG00000108506","INTS2","protein_coding",898.438358,0.465513419,0.097878337,4.756041366,1.97e-06,1.54e-05
"INTS6","ENSG00000102786","INTS6","protein_coding",624.7351586,-1.239939007,0.118555959,-10.45868142,1.34e-25,1.03e-23
"INVS","ENSG00000119509","INVS","protein_coding",137.0457013,-0.516974217,0.153558821,-3.366620114,0.000760954,0.003184226
"IPO9","ENSG00000198700","IPO9","protein_coding",1496.714063,0.411733958,0.098477093,4.181012514,2.9e-05,0.00017478
"IQGAP1","ENSG00000140575","IQGAP1","protein_coding",5176.778696,0.296129932,0.090301572,3.279344156,0.001040487,0.004164952
"IQSEC2","ENSG00000124313","IQSEC2","protein_coding",410.8498635,-0.68765531,0.116499051,-5.902668792,3.58e-09,4.57e-08
"IRS2","ENSG00000185950","IRS2","protein_coding",165.6227703,-1.018828569,0.148954662,-6.839856886,7.93e-12,1.55e-10
"JDP2","ENSG00000140044","JDP2","protein_coding",173.0849471,-0.933083779,0.173179122,-5.387969207,7.13e-08,7.34e-07
"NA",NA,NA,NA,NA,NA,NA,NA,NA,NA
"JMJD8","ENSG00000161999","JMJD8","protein_coding",727.8942893,0.418404186,0.114774538,3.6454443,0.00026693,0.001253818
"KALRN","ENSG00000160145","KALRN","protein_coding",53.24625914,0.862151386,0.22378858,3.852526275,0.000116905,0.000602574
"KANK1","ENSG00000107104","KANK1","protein_coding",555.215246,0.235541256,0.099939855,2.356830084,0.018431678,0.049416632
"KAT6A","ENSG00000083168","KAT6A","protein_coding",795.289854,-0.432731596,0.102139852,-4.236657737,2.27e-05,0.00014034
"KATNAL1","ENSG00000102781","KATNAL1","protein_coding",135.0073421,0.748055246,0.190731869,3.922025452,8.78e-05,0.000469022
"KCMF1","ENSG00000176407","KCMF1","protein_coding",1028.323542,-0.447710012,0.101441333,-4.413487089,1.02e-05,6.76e-05
"KCNC3","ENSG00000131398","KCNC3","protein_coding",98.67096037,0.878664335,0.21130659,4.158243876,3.21e-05,0.000190861
"KCNC4","ENSG00000116396","KCNC4","protein_coding",97.90688881,0.583107991,0.188127471,3.099536655,0.001938236,0.007141367
"KCNK9","ENSG00000169427","KCNK9","protein_coding",3.549903893,-1.047290359,0.358134206,-2.924295809,0.003452365,0.01180706
"KCNMA1","ENSG00000156113","KCNMA1","protein_coding",702.9804324,1.915347245,0.120179357,15.93740631,3.49e-57,2.15e-54
"KCNMB4","ENSG00000135643","KCNMB4","protein_coding",48.06697959,1.244844724,0.256149699,4.859832858,1.17e-06,9.6e-06
"KIAA0040","ENSG00000235750","KIAA0040","protein_coding",572.4249598,0.806744447,0.102948176,7.836413209,4.64e-15,1.41e-13
"KIAA0319","ENSG00000137261","KIAA0319","protein_coding",52.66500737,1.726096856,0.24299436,7.103444106,1.22e-12,2.7e-11
"KIAA1161","ENSG00000164976","KIAA1161","protein_coding",339.619037,0.555900489,0.123714365,4.493419083,7.01e-06,4.81e-05
"KIAA1211","ENSG00000109265","KIAA1211","protein_coding",21.60353947,0.660918581,0.293673055,2.250525101,0.024415632,0.062606635
"KIAA1244","ENSG00000112379","KIAA1244","protein_coding",705.5751835,0.304458615,0.12012425,2.534530835,0.011259802,0.032697866
"KIAA1549","ENSG00000122778","KIAA1549","protein_coding",1196.578042,0.399494219,0.104935687,3.807038679,0.000140641,0.000709932
"KIAA1644","ENSG00000138944","KIAA1644","protein_coding",19.54312082,2.626139724,0.326853911,8.034597821,9.39e-16,3.05e-14
"KIAA1671","ENSG00000197077","KIAA1671","protein_coding",1035.185216,0.356531697,0.109855081,3.245472969,0.001172557,0.004599499
"KIF12","ENSG00000136883","KIF12","protein_coding",40.84663586,1.563810369,0.278695456,5.611180009,2.01e-08,2.29e-07
"KLF13","ENSG00000169926","KLF13","protein_coding",598.0054363,-0.985661627,0.117155767,-8.413257435,3.99e-17,1.52e-15
"KLF8","ENSG00000102349","KLF8","protein_coding",3.584582226,-1.107130872,0.354839113,-3.120092544,0.001807942,0.006726888
"KLHL12","ENSG00000117153","KLHL12","protein_coding",434.9648296,-0.371645667,0.111832346,-3.323239472,0.000889785,0.003639691
"KLHL15","ENSG00000174010","KLHL15","protein_coding",308.6559737,-1.288093854,0.109321245,-11.782649,4.8e-32,5.74e-30
"KLHL23","ENSG00000213160","KLHL23","protein_coding",279.4109319,0.501413175,0.13157504,3.810853297,0.000138488,0.000700784
"KLHL25","ENSG00000183655","KLHL25","protein_coding",70.10677369,0.429629653,0.202292792,2.123801097,0.033686779,0.081713168
"KLHL31","ENSG00000124743","KLHL31","protein_coding",40.9846926,-0.68341857,0.258994585,-2.638736909,0.008321553,0.025263975
"KLHL7","ENSG00000122550","KLHL7","protein_coding",444.2349359,0.239789877,0.102859676,2.331233071,0.019741073,0.052377512
"KLHL9","ENSG00000198642","KLHL9","protein_coding",472.7776853,-0.268387122,0.101467752,-2.645048472,0.008167922,0.024870207
"KSR2","ENSG00000171435","KSR2","protein_coding",62.57914393,1.054046182,0.225711809,4.669876105,3.01e-06,2.26e-05
"LAMP3","ENSG00000078081","LAMP3","protein_coding",352.2806164,-0.477992836,0.15869971,-3.011932643,0.002595902,0.009229133
"LARP6","ENSG00000166173","LARP6","protein_coding",340.4084317,-0.840118504,0.125539929,-6.692042188,2.2e-11,3.97e-10
"LASP1","ENSG00000002834","LASP1","protein_coding",3205.302735,-0.185296285,0.087005408,-2.129709985,0.033195564,0.080757255
"LATS1","ENSG00000131023","LATS1","protein_coding",374.0730205,-0.334108814,0.128112494,-2.607933102,0.009109075,0.027246934
"LATS2","ENSG00000150457","LATS2","protein_coding",273.2727543,-0.68695554,0.120131585,-5.718359077,1.08e-08,1.28e-07
"LCP1","ENSG00000136167","LCP1","protein_coding",4957.630393,-0.333100569,0.09675779,-3.442622731,0.000576102,0.002496594
"LDB3","ENSG00000122367","LDB3","protein_coding",40.78181137,-1.866833819,0.267505335,-6.978678844,2.98e-12,6.2e-11
"LDOC1L","ENSG00000188636","LDOC1L","protein_coding",619.5234323,-0.354524112,0.090495588,-3.917584478,8.94e-05,0.000477132
"LEPREL1","ENSG00000090530","LEPREL1","protein_coding",440.9846523,-1.596991231,0.106108388,-15.05056536,3.42e-51,1.36e-48
"LGALS8","ENSG00000116977","LGALS8","protein_coding",2090.497611,-0.695904418,0.094085317,-7.396525199,1.4e-13,3.46e-12
"LHFP","ENSG00000183722","LHFP","protein_coding",160.1868697,0.800367099,0.144886098,5.524112454,3.31e-08,3.63e-07
"LIMK1","ENSG00000106683","LIMK1","protein_coding",656.6234533,0.25452895,0.106199275,2.396710818,0.016542974,0.04507974
"LMF1","ENSG00000103227","LMF1","protein_coding",218.7828896,0.344064789,0.13808299,2.491724637,0.012712455,0.036189472
"LOXL4","ENSG00000138131","LOXL4","protein_coding",184.8595711,-1.269826967,0.14236961,-8.919227655,4.7e-19,2.24e-17
"LRFN1","ENSG00000128011","LRFN1","protein_coding",40.28280602,0.859299894,0.265018523,3.242414472,0.001185215,0.004643675
"LRP8","ENSG00000157193","LRP8","protein_coding",2301.747987,0.965880539,0.102814049,9.394441242,5.75e-21,3.22e-19
"LRPAP1","ENSG00000163956","LRPAP1","protein_coding",1164.225189,0.260854735,0.080975299,3.221411217,0.00127561,0.004945404
"LRPPRC","ENSG00000138095","LRPPRC","protein_coding",3385.197549,-0.36393603,0.090586331,-4.017560092,5.88e-05,0.000329889
"LRRC14","ENSG00000160959","LRRC14","protein_coding",1616.471395,0.373879401,0.136298753,2.743087471,0.006086447,0.019241883
"LRRC59","ENSG00000108829","LRRC59","protein_coding",5262.301066,-0.240402488,0.087715279,-2.740713931,0.006130586,0.019365384
"LRRC8B","ENSG00000197147","LRRC8B","protein_coding",986.2105746,0.435700467,0.099498501,4.378965136,1.19e-05,7.83e-05
"LYRM5","ENSG00000205707","LYRM5","protein_coding",110.4621088,-0.539273953,0.171631764,-3.142040505,0.001677748,0.006318822
"MAFF","ENSG00000185022","MAFF","protein_coding",330.0248224,-0.821003731,0.130897795,-6.272097499,3.56e-10,5.28e-09
"MAGI2","ENSG00000187391","MAGI2","protein_coding",7.539057678,-1.153950146,0.364469912,-3.166105373,0.001544948,0.005870521
"MAP1LC3B","ENSG00000140941","MAP1LC3B","protein_coding",470.9613154,-0.570439012,0.117780143,-4.843252855,1.28e-06,1.04e-05
"MAP2","ENSG00000078018","MAP2","protein_coding",65.09363424,-0.640748729,0.199810333,-3.206784751,0.001342274,0.005180903
"MAP4K4","ENSG00000071054","MAP4K4","protein_coding",2917.655183,0.261289207,0.083522235,3.128379019,0.001757734,0.006572429
"MAP6D1","ENSG00000180834","MAP6D1","protein_coding",90.47132104,0.423478833,0.192785093,2.196636811,0.028046395,0.070213107
"MAP7D1","ENSG00000116871","MAP7D1","protein_coding",607.3217835,-0.217991898,0.101322957,-2.151456144,0.031440214,0.077234709
"MAPRE3","ENSG00000084764","MAPRE3","protein_coding",303.9646011,-0.359819832,0.111232939,-3.23483167,0.001217145,0.004746407
"MARK1","ENSG00000116141","MARK1","protein_coding",78.20363279,-1.621402204,0.208927315,-7.760604222,8.45e-15,2.44e-13
"MARK4","ENSG00000007047","MARK4","protein_coding",216.7110932,-0.40757282,0.131972399,-3.088318634,0.002012925,0.007385359
"MBNL1","ENSG00000152601","MBNL1","protein_coding",2095.18731,0.210849964,0.080345308,2.624297167,0.008682799,0.02618382
"MBNL2","ENSG00000139793","MBNL2","protein_coding",423.6465657,-1.148185434,0.127411138,-9.011656692,2.03e-19,9.87e-18
"MCM5","ENSG00000100297","MCM5","protein_coding",626.9598581,1.001924761,0.20782682,4.820959874,1.43e-06,1.15e-05
"MCM8","ENSG00000125885","MCM8","protein_coding",765.0915119,0.451986525,0.105943448,4.266299924,1.99e-05,0.000124376
"MDFIC","ENSG00000135272","MDFIC","protein_coding",351.2777874,0.385652882,0.114526974,3.367354148,0.000758932,0.003177118
"ME2","ENSG00000082212","ME2","protein_coding",303.9596282,-0.560685412,0.127527176,-4.396595539,1.1e-05,7.26e-05
"MED13","ENSG00000108510","MED13","protein_coding",1677.835836,-0.313865591,0.105524937,-2.974326254,0.002936327,0.010274673
"MEF2A","ENSG00000068305","MEF2A","protein_coding",444.8944419,-0.323437492,0.106625697,-3.033391599,0.002418216,0.008660003
"MEF2C","ENSG00000081189","MEF2C","protein_coding",53.0259416,0.92514985,0.247252244,3.741724782,0.000182762,0.000893286
"MEF2D","ENSG00000116604","MEF2D","protein_coding",793.7850525,-0.593204271,0.099620879,-5.954617911,2.61e-09,3.42e-08
"MEGF8","ENSG00000105429","MEGF8","protein_coding",649.0805338,-0.237488062,0.109283676,-2.173133904,0.029770241,0.073960789
"METTL14","ENSG00000145388","METTL14","protein_coding",210.0721057,-0.294692311,0.130792583,-2.253127092,0.024251137,0.062291743
"METTL21A","ENSG00000144401","METTL21A","protein_coding",155.3615918,0.801128554,0.16576681,4.832864626,1.35e-06,1.09e-05
"METTL8","ENSG00000123600","METTL8","protein_coding",286.7959786,0.367598917,0.133084851,2.762139462,0.005742394,0.018309594
"METTL9","ENSG00000197006","METTL9","protein_coding",928.4427492,0.351951155,0.093736242,3.754696653,0.000173552,0.000853791
"MEX3A","ENSG00000254726","MEX3A","protein_coding",575.8191547,0.2825143,0.093401496,3.024729916,0.002488552,0.008895024
"MFGE8","ENSG00000140545","MFGE8","protein_coding",488.3984172,0.678750237,0.106758314,6.357820853,2.05e-10,3.2e-09
"MFSD4","ENSG00000174514","MFSD4","protein_coding",44.52426558,-0.70140894,0.238193724,-2.944699499,0.003232685,0.011163672
"MGAM","ENSG00000257335","MGAM","protein_coding",10.78717212,-1.224135535,0.341728482,-3.582187616,0.000340729,0.001559923
"MGAT4A","ENSG00000071073","MGAT4A","protein_coding",281.4993964,-0.557536381,0.12297598,-4.533701465,5.8e-06,4.05e-05
"MIER1","ENSG00000198160","MIER1","protein_coding",346.2728419,-0.493124672,0.12335193,-3.997705371,6.4e-05,0.000355692
"MKI67","ENSG00000148773","MKI67","protein_coding",4289.896599,0.676877292,0.10386399,6.516958312,7.17e-11,1.19e-09
"MMP16","ENSG00000156103","MMP16","protein_coding",88.89764059,1.134190854,0.196729429,5.765232282,8.15e-09,9.85e-08
"MMS22L","ENSG00000146263","MMS22L","protein_coding",268.2161788,1.366787984,0.143980522,9.492867285,2.25e-21,1.28e-19
"MOB3B","ENSG00000120162","MOB3B","protein_coding",93.96760527,1.145061433,0.208201667,5.499770735,3.8e-08,4.11e-07
"MPP2","ENSG00000108852","MPP2","protein_coding",184.9250678,0.592163367,0.150494702,3.934778836,8.33e-05,0.000447968
"MPP5","ENSG00000072415","MPP5","protein_coding",1028.025413,0.230343023,0.104211354,2.210344784,0.027081243,0.068259346
"MPRIP","ENSG00000133030","MPRIP","protein_coding",6166.789414,0.292437798,0.06325292,4.623309076,3.78e-06,2.75e-05
"MRPL10","ENSG00000159111","MRPL10","protein_coding",820.5651357,-0.375092146,0.08669836,-4.326404168,1.52e-05,9.72e-05
"MRPL36","ENSG00000171421","MRPL36","protein_coding",190.755573,0.329746254,0.141837601,2.324815514,0.020081827,0.053155145
"MTHFD2","ENSG00000065911","MTHFD2","protein_coding",2532.934978,-0.923954169,0.134063874,-6.8918952,5.51e-12,1.1e-10
"MUC6","ENSG00000184956","MUC6","protein_coding",128.0320818,1.122457747,0.339941348,3.301915915,0.000960269,0.003887837
"MXD1","ENSG00000059728","MXD1","protein_coding",257.3347244,-1.466927527,0.158346775,-9.264018953,1.97e-20,1.04e-18
"MYBL1","ENSG00000185697","MYBL1","protein_coding",269.9141416,0.50838907,0.143362724,3.546173334,0.000390869,0.001765174
"MYLIP","ENSG00000007944","MYLIP","protein_coding",282.4431962,-0.303000152,0.120665978,-2.511065307,0.012036743,0.034555759
"MYLK","ENSG00000065534","MYLK","protein_coding",282.6258782,0.606362522,0.126426144,4.796179818,1.62e-06,1.28e-05
"MYNN","ENSG00000085274","MYNN","protein_coding",407.7507423,-0.533370507,0.1127989,-4.72850806,2.26e-06,1.75e-05
"MYO1E","ENSG00000157483","MYO1E","protein_coding",893.531634,-0.22336733,0.085166116,-2.622725341,0.008722956,0.026290614
"MYZAP","ENSG00000263155","MYZAP","protein_coding",41.04630279,-1.266745026,0.254431618,-4.978724872,6.4e-07,5.55e-06
"NAA38","ENSG00000183011","NAA38","protein_coding",319.3454584,0.43780744,0.134169815,3.263084478,0.001102067,0.004368335
"NAA40","ENSG00000110583","NAA40","protein_coding",780.2488687,0.321392918,0.087133275,3.688521029,0.000225561,0.00107715
"NAB2","ENSG00000166886","NAB2","protein_coding",107.4819333,0.599417254,0.18235167,3.287149787,0.00101207,0.00406294
"NACC1","ENSG00000160877","NACC1","protein_coding",1729.833427,0.336329765,0.098083182,3.429025836,0.000605752,0.002605391
"NADK","ENSG00000008130","NADK","protein_coding",1006.239517,-0.288051389,0.092867831,-3.101734859,0.001923902,0.007096416
"NAGA","ENSG00000198951","NAGA","protein_coding",861.129832,0.500010442,0.100244822,4.987892971,6.1e-07,5.33e-06
"NANOS1","ENSG00000188613","NANOS1","protein_coding",217.3383524,-0.804467337,0.134684891,-5.972959056,2.33e-09,3.07e-08
"NAPEPLD","ENSG00000161048","NAPEPLD","protein_coding",138.322964,0.597607474,0.158624466,3.767435676,0.000164933,0.000816465
"NAV1","ENSG00000134369","NAV1","protein_coding",251.7545306,-0.539792797,0.130681492,-4.130598658,3.62e-05,0.000212892
"NBN","ENSG00000104320","NBN","protein_coding",1298.602972,-0.321997165,0.098658433,-3.263757136,0.001099454,0.004360056
"NCAPH2","ENSG00000025770","NCAPH2","protein_coding",318.3490272,0.690998753,0.129223074,5.347332569,8.93e-08,9.04e-07
"NCOR1","ENSG00000141027","NCOR1","protein_coding",1276.699599,-0.328612916,0.089097616,-3.68823466,0.000225815,0.001077743
"NDFIP2","ENSG00000102471","NDFIP2","protein_coding",1010.069821,-0.24786526,0.096143684,-2.578071157,0.009935354,0.029354133
"NDST1","ENSG00000070614","NDST1","protein_coding",2637.807715,0.208339561,0.080977927,2.57279444,0.010088111,0.029689399
"NDUFA10","ENSG00000130414","NDUFA10","protein_coding",1469.088764,0.394752349,0.076953039,5.12978242,2.9e-07,2.68e-06
"NEDD4L","ENSG00000049759","NEDD4L","protein_coding",1883.75655,0.246228254,0.076310775,3.226651211,0.00125248,0.004865945
"NF2","ENSG00000186575","NF2","protein_coding",968.3612107,0.635084235,0.085944666,7.389454946,1.47e-13,3.64e-12
"NFASC","ENSG00000163531","NFASC","protein_coding",81.49788971,1.070602825,0.195503139,5.476141364,4.35e-08,4.63e-07
"NFATC2IP","ENSG00000176953","NFATC2IP","protein_coding",608.4755826,0.219360843,0.095849468,2.288597391,0.022102756,0.057623804
"NFIC","ENSG00000141905","NFIC","protein_coding",578.8085295,0.514156203,0.107061425,4.802441241,1.57e-06,1.25e-05
"NGFR","ENSG00000064300","NGFR","protein_coding",25.3845595,0.745418884,0.283080484,2.633240111,0.008457453,0.025592454
"NIN","ENSG00000100503","NIN","protein_coding",870.5967834,0.641041973,0.09237504,6.939558306,3.93e-12,8.05e-11
"NKIRAS2","ENSG00000168256","NKIRAS2","protein_coding",395.6684234,-0.309225462,0.109112197,-2.834013707,0.004596736,0.015105638
"NMNAT2","ENSG00000157064","NMNAT2","protein_coding",556.4937077,-0.494508272,0.102091205,-4.843789145,1.27e-06,1.04e-05
"NREP","ENSG00000134986","NREP","protein_coding",194.3949855,0.815241517,0.148896462,5.475224216,4.37e-08,4.65e-07
"NRP1","ENSG00000099250","NRP1","protein_coding",23798.22588,0.375100586,0.091870005,4.082949443,4.45e-05,0.000256117
"NRP2","ENSG00000118257","NRP2","protein_coding",393.0357535,-0.997524935,0.130338656,-7.653331468,1.96e-14,5.36e-13
"NSRP1","ENSG00000126653","NSRP1","protein_coding",302.4029703,-0.324821116,0.117477683,-2.764960184,0.005692974,0.018187373
"NSUN4","ENSG00000117481","NSUN4","protein_coding",424.5165881,-0.241780493,0.106795136,-2.263965404,0.023576243,0.060788613
"NTNG1","ENSG00000162631","NTNG1","protein_coding",159.7945823,1.706876676,0.147836241,11.5457256,7.76e-31,8.84e-29
"NTSR1","ENSG00000101188","NTSR1","protein_coding",29.05389034,1.876991007,0.301972313,6.215771868,5.11e-10,7.4e-09
"NUAK2","ENSG00000163545","NUAK2","protein_coding",56.19966666,-0.649301827,0.208247829,-3.117928435,0.00182127,0.006768905
"NUB1","ENSG00000013374","NUB1","protein_coding",831.7212721,-0.397314824,0.106551398,-3.728856028,0.000192351,0.000934469
"NUDCD3","ENSG00000015676","NUDCD3","protein_coding",1722.751265,0.26844024,0.080123727,3.350321435,0.000807178,0.003345404
"NUDT3","ENSG00000272325","NUDT3","protein_coding",1101.760702,0.258408734,0.08993453,2.87329832,0.004062103,0.013557739
"NUDT8","ENSG00000167799","NUDT8","protein_coding",53.97805836,0.539455163,0.225796971,2.389116031,0.016888967,0.045894713
"OAS3","ENSG00000111331","OAS3","protein_coding",1229.746331,0.44956025,0.101889524,4.41223231,1.02e-05,6.8e-05
"OBFC1","ENSG00000107960","OBFC1","protein_coding",296.3962406,-0.437684288,0.116295405,-3.763556154,0.000167514,0.000827764
"OLFML2A","ENSG00000185585","OLFML2A","protein_coding",279.6675159,1.143500036,0.150498475,7.598083898,3.01e-14,8e-13
"OLR1","ENSG00000173391","OLR1","protein_coding",38.90533614,-1.40936724,0.26346497,-5.349353426,8.83e-08,8.96e-07
"ORAOV1","ENSG00000149716","ORAOV1","protein_coding",658.5555827,-0.498770635,0.097410058,-5.120319644,3.05e-07,2.8e-06
"ORC3","ENSG00000135336","ORC3","protein_coding",377.204932,0.409421992,0.119415638,3.428545861,0.000606824,0.002607305
"OSBPL1A","ENSG00000141447","OSBPL1A","protein_coding",777.6208388,0.597497933,0.085984823,6.948876685,3.68e-12,7.57e-11
"OSMR","ENSG00000145623","OSMR","protein_coding",2377.451608,-0.549940193,0.114966792,-4.783469918,1.72e-06,1.36e-05
"OTUD7B","ENSG00000264522","OTUD7B","protein_coding",549.5936112,-0.444237658,0.098213803,-4.523169277,6.09e-06,4.24e-05
"PAG1","ENSG00000076641","PAG1","protein_coding",492.2999084,1.992214744,0.146011601,13.64422228,2.19e-42,4.66e-40
"PARM1","ENSG00000169116","PARM1","protein_coding",191.4693999,0.543529001,0.13859827,3.921614621,8.8e-05,0.000469672
"PARVA","ENSG00000197702","PARVA","protein_coding",579.9827239,-0.502797269,0.110034373,-4.569456388,4.89e-06,3.48e-05
"PAX6","ENSG00000007372","PAX6","protein_coding",298.7661767,-0.48026076,0.119484634,-4.019435321,5.83e-05,0.000327827
"PCCB","ENSG00000114054","PCCB","protein_coding",657.0156274,-0.283870698,0.097441835,-2.913232262,0.003577084,0.012161063
"PCDH19","ENSG00000165194","PCDH19","protein_coding",5.138339063,1.186434973,0.366362877,3.238414823,0.001201959,0.004699312
"PCDHB11","ENSG00000197479","PCDHB11","protein_coding",4.457022434,0.802873404,0.363759607,2.207153816,0.027303315,0.068631825
"PCGF5","ENSG00000180628","PCGF5","protein_coding",501.8243334,-0.503682935,0.100385741,-5.017474916,5.24e-07,4.63e-06
"PCLO","ENSG00000186472","PCLO","protein_coding",152.8899416,0.59305209,0.17675354,3.355248729,0.000792937,0.003293767
"PCM1","ENSG00000078674","PCM1","protein_coding",1175.7272,-0.349139165,0.088186723,-3.959089912,7.52e-05,0.000409768
"PDE10A","ENSG00000112541","PDE10A","protein_coding",33.00020012,2.710807153,0.311185337,8.711230343,3.01e-18,1.33e-16
"PDE4A","ENSG00000065989","PDE4A","protein_coding",79.33878704,-0.758894599,0.214624676,-3.535914946,0.000406366,0.001825242
"PDE5A","ENSG00000138735","PDE5A","protein_coding",492.1354308,-0.376927959,0.116418245,-3.237705222,0.001204952,0.004709908
"PDS5A","ENSG00000121892","PDS5A","protein_coding",1586.209125,-0.216728101,0.0891313,-2.431559971,0.015033959,0.041747608
"PDZD4","ENSG00000067840","PDZD4","protein_coding",14.92437401,-1.291789091,0.319616469,-4.041685001,5.31e-05,0.000301477
"PEAK1","ENSG00000173517","PEAK1","protein_coding",284.1317685,0.305803901,0.129649184,2.358702852,0.018338934,0.049191771
"PFKFB4","ENSG00000114268","PFKFB4","protein_coding",397.1081478,0.595226834,0.118652378,5.016560515,5.26e-07,4.65e-06
"PGAP1","ENSG00000197121","PGAP1","protein_coding",294.3694731,0.674227295,0.130190258,5.178784539,2.23e-07,2.11e-06
"PGM2L1","ENSG00000165434","PGM2L1","protein_coding",152.1720619,0.68583734,0.161572199,4.2447732,2.19e-05,0.000135561
"PGRMC2","ENSG00000164040","PGRMC2","protein_coding",1077.669632,0.327313446,0.087410002,3.744576559,0.000180698,0.000885022
"PHF11","ENSG00000136147","PHF11","protein_coding",151.0087087,-1.209819637,0.148765855,-8.132374455,4.21e-16,1.42e-14
"PHF21A","ENSG00000135365","PHF21A","protein_coding",306.8729262,-0.473815663,0.110303736,-4.295554084,1.74e-05,0.000110084
"PHLDA1","ENSG00000139289","PHLDA1","protein_coding",5310.358088,-0.227096103,0.088465682,-2.567053107,0.01025669,0.03010029
"PIK3C2A","ENSG00000011405","PIK3C2A","protein_coding",1198.413877,0.189733546,0.084566777,2.243594381,0.024858511,0.063484461
"PKIG","ENSG00000168734","PKIG","protein_coding",177.8832972,-0.428836653,0.13556855,-3.163245849,0.001560205,0.005921728
"PKP1","ENSG00000081277","PKP1","protein_coding",2078.353073,0.519054467,0.087781539,5.913025359,3.36e-09,4.32e-08
"PLA2G15","ENSG00000103066","PLA2G15","protein_coding",336.9534346,0.672485579,0.113117762,5.945004301,2.76e-09,3.61e-08
"PLA2G2F","ENSG00000158786","PLA2G2F","protein_coding",11.48514288,-1.016015265,0.342276321,-2.968406526,0.002993481,0.010443896
"PLA2G7","ENSG00000146070","PLA2G7","protein_coding",142.8916104,1.493835153,0.173626074,8.603748968,7.72e-18,3.29e-16
"PLCXD3","ENSG00000182836","PLCXD3","protein_coding",197.3527985,2.792269011,0.218130167,12.80093004,1.62e-37,2.72e-35
"PLEKHA5","ENSG00000052126","PLEKHA5","protein_coding",415.7478673,-0.331452794,0.113356521,-2.92398523,0.003455811,0.011811559
"PLEKHA6","ENSG00000143850","PLEKHA6","protein_coding",636.4471935,-0.237895315,0.098512641,-2.414870939,0.015740786,0.043283908
"PLEKHG1","ENSG00000120278","PLEKHG1","protein_coding",104.7022435,-0.464784558,0.186400078,-2.493478345,0.01264983,0.036048222
"PLXNA4","ENSG00000221866","PLXNA4","protein_coding",144.3366787,0.708921954,0.185124199,3.82943968,0.000128435,0.0006553
"PMAIP1","ENSG00000141682","PMAIP1","protein_coding",415.4940634,-0.515516077,0.153189481,-3.365218513,0.000764831,0.003195378
"PMM2","ENSG00000140650","PMM2","protein_coding",267.2447098,-0.519388659,0.132112516,-3.931411451,8.44e-05,0.000453264
"PMPCA","ENSG00000165688","PMPCA","protein_coding",608.5485207,0.304842357,0.105936018,2.877608232,0.004007024,0.013421684
"POFUT1","ENSG00000101346","POFUT1","protein_coding",3653.535475,0.291069668,0.08940636,3.255581234,0.001131605,0.004466217
"POLE4","ENSG00000115350","POLE4","protein_coding",214.6269156,0.503525018,0.13319447,3.780374814,0.000156592,0.000781211
"POLH","ENSG00000170734","POLH","protein_coding",203.8141991,0.602052058,0.144693592,4.160875748,3.17e-05,0.000189013
"POLN","ENSG00000130997","POLN","protein_coding",11.17510548,0.80902796,0.351903902,2.299002529,0.021504796,0.056312086
"POLR3A","ENSG00000148606","POLR3A","protein_coding",3014.612457,0.301197447,0.080473806,3.742801058,0.00018198,0.000890515
"POLR3E","ENSG00000058600","POLR3E","protein_coding",606.2178732,-0.5207196,0.09377016,-5.553148228,2.81e-08,3.12e-07
"POMGNT1","ENSG00000085998","POMGNT1","protein_coding",2552.930434,0.4397318,0.078403427,5.608578849,2.04e-08,2.32e-07
"PORCN","ENSG00000102312","PORCN","protein_coding",621.2201815,0.54398515,0.103480827,5.256869,1.47e-07,1.43e-06
"POU2F1","ENSG00000143190","POU2F1","protein_coding",501.3355677,0.360823419,0.115016728,3.137138607,0.001706055,0.00641091
"POU6F1","ENSG00000184271","POU6F1","protein_coding",24.22584462,-1.012518601,0.289407913,-3.498586445,0.000467731,0.002069018
"PPARGC1B","ENSG00000155846","PPARGC1B","protein_coding",210.955843,0.89636043,0.148349402,6.042224764,1.52e-09,2.06e-08
"PPFIBP2","ENSG00000166387","PPFIBP2","protein_coding",44.25092144,-1.096303159,0.234511086,-4.674845772,2.94e-06,2.21e-05
"PPIL6","ENSG00000185250","PPIL6","protein_coding",18.51849845,-1.17224029,0.312470882,-3.75151849,0.000175767,0.000862902
"PPM1E","ENSG00000175175","PPM1E","protein_coding",18.39855153,-2.085700835,0.317718516,-6.56461845,5.22e-11,8.92e-10
"PPP1R2","ENSG00000184203","PPP1R2","protein_coding",541.3562854,-0.38924301,0.109671881,-3.549159602,0.000386463,0.001748089
"PPP1R21","ENSG00000162869","PPP1R21","protein_coding",333.1149118,-0.433005356,0.121261801,-3.570830662,0.000355851,0.001622454
"PPP2R5D","ENSG00000112640","PPP2R5D","protein_coding",1120.992395,0.430192922,0.092707425,4.640328665,3.48e-06,2.56e-05
"PPT1","ENSG00000131238","PPT1","protein_coding",4638.960491,0.306139199,0.087983679,3.479499847,0.000502351,0.002206892
"PQLC1","ENSG00000122490","PQLC1","protein_coding",247.5535305,0.574431139,0.136174453,4.218347308,2.46e-05,0.000151281
"PRIM2","ENSG00000146143","PRIM2","protein_coding",238.4178951,0.617049719,0.135065109,4.568535314,4.91e-06,3.49e-05
"PRKAG1","ENSG00000181929","PRKAG1","protein_coding",934.1915674,-0.290678318,0.09782963,-2.971270736,0.002965702,0.01036002
"PRKAG2","ENSG00000106617","PRKAG2","protein_coding",356.690838,-0.262768357,0.111348633,-2.359870533,0.018281314,0.049068876
"PRMT2","ENSG00000160310","PRMT2","protein_coding",674.1381113,0.414747508,0.094492189,4.389225294,1.14e-05,7.5e-05
"PROM2","ENSG00000155066","PROM2","protein_coding",3107.213895,0.32377611,0.11090366,2.919435744,0.003506657,0.011954574
"PRR14L","ENSG00000183530","PRR14L","protein_coding",557.9729419,0.232934875,0.111970666,2.080320522,0.037496144,0.089491299
"PRSS12","ENSG00000164099","PRSS12","protein_coding",154.385067,-0.497945715,0.173400126,-2.871657172,0.004083257,0.013614677
"PSAP","ENSG00000197746","PSAP","protein_coding",12338.14727,0.216855585,0.091123141,2.379808064,0.017321658,0.046932463
"PSD3","ENSG00000156011","PSD3","protein_coding",809.8460771,-0.338320026,0.10288731,-3.288258051,0.001008094,0.004048934
"PSMC2","ENSG00000161057","PSMC2","protein_coding",1291.269065,0.293103057,0.101992432,2.873772605,0.004056009,0.013548275
"PTDSS2","ENSG00000174915","PTDSS2","protein_coding",485.3789624,0.722310615,0.109022393,6.625341783,3.46e-11,6.07e-10
"PTPLAD1","ENSG00000074696","PTPLAD1","protein_coding",2151.310859,0.216486274,0.082869447,2.612377425,0.008991493,0.026972857
"PTPN1","ENSG00000196396","PTPN1","protein_coding",1301.055647,-0.186217619,0.078879115,-2.360797525,0.018235684,0.048970115
"PTPN3","ENSG00000070159","PTPN3","protein_coding",550.5863953,-0.275155368,0.102876214,-2.674625724,0.007481272,0.023053853
"PTPRB","ENSG00000127329","PTPRB","protein_coding",129.6169095,-1.08611294,0.162400276,-6.687876177,2.26e-11,4.08e-10
"PTPRU","ENSG00000060656","PTPRU","protein_coding",965.5524826,-0.704389523,0.090736371,-7.763033915,8.29e-15,2.4e-13
"PVRL1","ENSG00000110400","PVRL1","protein_coding",1250.061589,0.900375869,0.107911434,8.343655835,7.2e-17,2.67e-15
"PVRL4","ENSG00000143217","PVRL4","protein_coding",505.1596631,-0.951159978,0.123156107,-7.723205947,1.13e-14,3.21e-13
"QTRTD1","ENSG00000151576","QTRTD1","protein_coding",804.5289408,-0.231780794,0.095883829,-2.417308485,0.01563576,0.043073461
"RAB11FIP1","ENSG00000156675","RAB11FIP1","protein_coding",675.9839124,-0.561405549,0.113729894,-4.936305942,7.96e-07,6.73e-06
"RAB3B","ENSG00000169213","RAB3B","protein_coding",251.0177506,0.85121429,0.141382071,6.020666463,1.74e-09,2.33e-08
"RAB3GAP1","ENSG00000115839","RAB3GAP1","protein_coding",1021.559671,0.401289,0.089607219,4.478311052,7.52e-06,5.15e-05
"RAB3IP","ENSG00000127328","RAB3IP","protein_coding",313.2144989,-0.447192577,0.110970867,-4.029819626,5.58e-05,0.000315597
"RAD23B","ENSG00000119318","RAD23B","protein_coding",2139.207807,-0.319944175,0.093289079,-3.429599463,0.000604473,0.002601774
"RALB","ENSG00000144118","RALB","protein_coding",704.9351388,0.580757884,0.097672206,5.945989197,2.75e-09,3.59e-08
"RASSF2","ENSG00000101265","RASSF2","protein_coding",115.127614,0.805212488,0.174399556,4.617055837,3.89e-06,2.83e-05
"RB1CC1","ENSG00000023287","RB1CC1","protein_coding",898.8125568,-0.574226591,0.104804907,-5.47900482,4.28e-08,4.57e-07
"RBM26","ENSG00000139746","RBM26","protein_coding",824.1244415,-0.682167086,0.091151391,-7.483891112,7.22e-14,1.84e-12
"RBMS3","ENSG00000144642","RBMS3","protein_coding",71.14029459,-0.811904393,0.193610907,-4.193484798,2.75e-05,0.000166827
"RCC2","ENSG00000179051","RCC2","protein_coding",1987.542715,-0.286746014,0.08044252,-3.564607533,0.000364401,0.0016578
"RCOR1","ENSG00000089902","RCOR1","protein_coding",933.8383577,-0.286348898,0.099386747,-2.881157759,0.003962173,0.013286196
"RCOR3","ENSG00000117625","RCOR3","protein_coding",349.2423437,-0.314688777,0.128109215,-2.45641016,0.014033289,0.039350004
"REEP3","ENSG00000165476","REEP3","protein_coding",3340.712827,0.844435399,0.081333436,10.38238935,2.98e-25,2.26e-23
"REEP5","ENSG00000129625","REEP5","protein_coding",2293.401035,0.539734881,0.082449083,6.546281206,5.9e-11,9.93e-10
"REL","ENSG00000162924","REL","protein_coding",87.63982501,-0.49661119,0.196402196,-2.528541939,0.01145374,0.033174149
"REPS2","ENSG00000169891","REPS2","protein_coding",187.0298672,1.09638893,0.153550176,7.14026489,9.32e-13,2.11e-11
"RER1","ENSG00000157916","RER1","protein_coding",3308.561651,0.283138733,0.072389484,3.911324115,9.18e-05,0.000487639
"RGS5","ENSG00000143248","RGS5","protein_coding",30.90593713,-0.69137542,0.270056725,-2.56011184,0.010463848,0.030643337
"RHEBL1","ENSG00000167550","RHEBL1","protein_coding",38.5311941,0.821803507,0.252465897,3.255106993,0.001133497,0.004471597
"RHOQ","ENSG00000119729","RHOQ","protein_coding",287.9438896,-0.454511995,0.1146382,-3.96475168,7.35e-05,0.000402272
"RIF1","ENSG00000080345","RIF1","protein_coding",1146.686725,0.436326472,0.096795952,4.507693398,6.55e-06,4.53e-05
"RIMKLA","ENSG00000177181","RIMKLA","protein_coding",119.0356982,0.373732369,0.16519762,2.262335073,0.023676709,0.060990909
"RNF185","ENSG00000138942","RNF185","protein_coding",203.5433702,-0.483742121,0.158251516,-3.056792967,0.002237187,0.008091927
"RNF39","ENSG00000204618","RNF39","protein_coding",36.8021099,-0.515143666,0.237224039,-2.171549177,0.029889684,0.07421318
"RPS21","ENSG00000171858","RPS21","protein_coding",3521.096965,0.166744398,0.079156904,2.106504789,0.035160528,0.084756343
"RPS6KA3","ENSG00000177189","RPS6KA3","protein_coding",1034.640922,0.945722895,0.090296013,10.47358417,1.14e-25,8.88e-24
"RPUSD3","ENSG00000156990","RPUSD3","protein_coding",482.7577785,-0.219770161,0.097008492,-2.265473421,0.023483643,0.060606242
"RRAS2","ENSG00000133818","RRAS2","protein_coding",298.7148981,-0.330300693,0.118409476,-2.789478557,0.005279299,0.01703555
"RRP15","ENSG00000067533","RRP15","protein_coding",1035.635802,-0.241324538,0.110704043,-2.179907172,0.029264343,0.072878164
"RUFY2","ENSG00000204130","RUFY2","protein_coding",331.508946,-0.371867259,0.116044974,-3.204509816,0.001352927,0.005214758
"RUNX1","ENSG00000159216","RUNX1","protein_coding",986.9179935,-0.276732128,0.0866961,-3.191978964,0.001413016,0.005413741
"RUNX3","ENSG00000020633","RUNX3","protein_coding",45.4201763,2.124562487,0.319425985,6.651188646,2.91e-11,5.13e-10
"RYBP","ENSG00000163602","RYBP","protein_coding",778.6494916,-0.345638316,0.090034674,-3.83894672,0.000123563,0.000632772
"SAMD12","ENSG00000177570","SAMD12","protein_coding",386.8942181,-0.512400642,0.115301791,-4.443995528,8.83e-06,5.95e-05
"SAMD9L","ENSG00000177409","SAMD9L","protein_coding",71.14081321,-0.644268821,0.237597997,-2.711591975,0.006696096,0.020901574
"SAP30BP","ENSG00000161526","SAP30BP","protein_coding",1107.729399,-0.365387082,0.081947332,-4.458803881,8.24e-06,5.6e-05
"SBK1","ENSG00000188322","SBK1","protein_coding",64.63788142,0.988093628,0.230756174,4.281981325,1.85e-05,0.000116494
"SCARA3","ENSG00000168077","SCARA3","protein_coding",305.3843594,0.909546396,0.154811117,5.875200788,4.22e-09,5.34e-08
"SCD5","ENSG00000145284","SCD5","protein_coding",139.0679766,1.379951209,0.163068825,8.462385187,2.62e-17,1.03e-15
"SCN3B","ENSG00000166257","SCN3B","protein_coding",52.32589739,-1.253697264,0.214301569,-5.850154384,4.91e-09,6.15e-08
"SCNN1D","ENSG00000162572","SCNN1D","protein_coding",96.02070504,-0.607077875,0.210865039,-2.878987798,0.003989538,0.013367353
"SCNN1G","ENSG00000166828","SCNN1G","protein_coding",357.5841606,0.625315182,0.117032906,5.343071471,9.14e-08,9.22e-07
"SCO1","ENSG00000133028","SCO1","protein_coding",572.5683275,0.223788724,0.096086653,2.329030276,0.019857462,0.052628288
"SDHC","ENSG00000143252","SDHC","protein_coding",1071.689626,0.208642547,0.092443083,2.256983854,0.024009084,0.061751437
"SEL1L","ENSG00000071537","SEL1L","protein_coding",4503.685052,-0.515534648,0.124787015,-4.131316436,3.61e-05,0.000212304
"SEMA3E","ENSG00000170381","SEMA3E","protein_coding",155.9006272,0.574366615,0.151746488,3.785040579,0.000153683,0.000768325
"SEMA5A","ENSG00000112902","SEMA5A","protein_coding",376.8660596,-0.742937291,0.141332952,-5.256645948,1.47e-07,1.43e-06
"SEMA7A","ENSG00000138623","SEMA7A","protein_coding",904.6345617,-0.691090652,0.102496137,-6.742601935,1.56e-11,2.86e-10
"SERPINB3","ENSG00000057149","SERPINB3","protein_coding",860.3501216,1.391677105,0.205394514,6.775629379,1.24e-11,2.33e-10
"SETDB2","ENSG00000136169","SETDB2","protein_coding",146.5031165,-0.655477138,0.14612982,-4.485580962,7.27e-06,4.98e-05
"SF3B3","ENSG00000189091","SF3B3","protein_coding",2377.174258,0.702302704,0.086036542,8.162842065,3.27e-16,1.11e-14
"SFMBT2","ENSG00000198879","SFMBT2","protein_coding",66.05845634,2.457652689,0.307223079,7.999570543,1.25e-15,4e-14
"SGCD","ENSG00000170624","SGCD","protein_coding",16.46336862,-1.799431703,0.334586644,-5.378073912,7.53e-08,7.71e-07
"SH3GL2","ENSG00000107295","SH3GL2","protein_coding",161.8941635,-0.91217227,0.157242197,-5.801065423,6.59e-09,8.05e-08
"SH3PXD2B","ENSG00000174705","SH3PXD2B","protein_coding",192.5826365,0.780918276,0.153697306,5.080884604,3.76e-07,3.41e-06
"SHANK2","ENSG00000162105","SHANK2","protein_coding",371.7212196,0.317830106,0.123137211,2.581105294,0.009848454,0.029133622
"SHISA5","ENSG00000164054","SHISA5","protein_coding",3021.768517,0.474617335,0.098944931,4.796782717,1.61e-06,1.28e-05
"SHOC2","ENSG00000108061","SHOC2","protein_coding",403.3009695,-0.495449582,0.116480642,-4.25349289,2.1e-05,0.000131093
"SIGMAR1","ENSG00000147955","SIGMAR1","protein_coding",1687.650071,0.426000298,0.088272339,4.825977216,1.39e-06,1.12e-05
"SIN3A","ENSG00000169375","SIN3A","protein_coding",716.8289919,0.244127071,0.093997836,2.597156292,0.009399914,0.028001034
"SIRPA","ENSG00000198053","SIRPA","protein_coding",994.801195,0.399816257,0.080947462,4.939206837,7.84e-07,6.65e-06
"SIX4","ENSG00000100625","SIX4","protein_coding",558.4280836,-0.206122645,0.095729071,-2.153187556,0.031303941,0.07696613
"SKA2","ENSG00000182628","SKA2","protein_coding",928.165781,0.510255442,0.11982514,4.258333792,2.06e-05,0.000128553
"SLC12A2","ENSG00000064651","SLC12A2","protein_coding",2404.412214,1.265323447,0.108481791,11.66392475,1.95e-31,2.27e-29
"SLC12A8","ENSG00000221955","SLC12A8","protein_coding",217.5006877,0.347522425,0.124018719,2.802177181,0.005075899,0.016478338
"SLC15A2","ENSG00000163406","SLC15A2","protein_coding",12.52457889,1.128235763,0.344059604,3.279186947,0.001041066,0.00416627
"SLC16A9","ENSG00000165449","SLC16A9","protein_coding",643.7562646,2.123268446,0.146004546,14.54248176,6.52e-48,2.08e-45
"SLC1A3","ENSG00000079215","SLC1A3","protein_coding",2019.307307,-0.260617906,0.098443043,-2.647397901,0.008111385,0.024730264
"SLC1A4","ENSG00000115902","SLC1A4","protein_coding",890.8154762,-0.844935257,0.20463243,-4.12903887,3.64e-05,0.000213737
"SLC1A7","ENSG00000162383","SLC1A7","protein_coding",54.29810131,-2.063784685,0.255272788,-8.084624706,6.24e-16,2.07e-14
"SLC22A15","ENSG00000163393","SLC22A15","protein_coding",220.5436373,-1.743054017,0.157936969,-11.03639022,2.55e-28,2.47e-26
"SLC22A23","ENSG00000137266","SLC22A23","protein_coding",453.4314904,0.510597492,0.112072079,4.555974112,5.21e-06,3.68e-05
"SLC22A3","ENSG00000146477","SLC22A3","protein_coding",43.30651374,-1.961565867,0.249128446,-7.873712925,3.44e-15,1.07e-13
"SLC25A19","ENSG00000125454","SLC25A19","protein_coding",367.0667656,0.477764534,0.122602389,3.896861528,9.74e-05,0.000513583
"SLC25A37","ENSG00000147454","SLC25A37","protein_coding",1030.019224,-0.486028424,0.104452593,-4.653100619,3.27e-06,2.43e-05
"SLC25A43","ENSG00000077713","SLC25A43","protein_coding",569.6770768,-0.536550766,0.101178781,-5.302996936,1.14e-07,1.13e-06
"SLC25A6","ENSG00000169100","SLC25A6","protein_coding",1904.333579,0.909661796,0.105842009,8.594525038,8.36e-18,3.52e-16
"SLC2A4RG","ENSG00000125520","SLC2A4RG","protein_coding",488.8701649,0.363576418,0.130173553,2.79301294,0.00522196,0.016873447
"SLC35E3","ENSG00000175782","SLC35E3","protein_coding",277.9549354,0.769970769,0.137783779,5.588254098,2.29e-08,2.59e-07
"SLC35F2","ENSG00000110660","SLC35F2","protein_coding",6565.699358,0.495726743,0.080066212,6.191459943,5.96e-10,8.53e-09
"SLC35F5","ENSG00000115084","SLC35F5","protein_coding",953.2890371,0.663298964,0.102792542,6.452792681,1.1e-10,1.77e-09
"SLC35G1","ENSG00000176273","SLC35G1","protein_coding",197.7176631,0.290685966,0.142478169,2.040214076,0.041329008,0.096832288
"SLC40A1","ENSG00000138449","SLC40A1","protein_coding",45.30579674,1.290103663,0.246188746,5.240303155,1.6e-07,1.55e-06
"SLC41A1","ENSG00000133065","SLC41A1","protein_coding",1168.354932,0.283757167,0.094706293,2.996180717,0.002733844,0.009649406
"SLC6A14","ENSG00000268104","SLC6A14","protein_coding",44.84992273,1.520313189,0.249470853,6.094151559,1.1e-09,1.51e-08
"SLC7A1","ENSG00000139514","SLC7A1","protein_coding",3977.716094,-0.619911532,0.129863986,-4.773544607,1.81e-06,1.42e-05
"SLC9A8","ENSG00000197818","SLC9A8","protein_coding",1190.083464,-0.625518289,0.103036638,-6.070833648,1.27e-09,1.74e-08
"SLITRK5","ENSG00000165300","SLITRK5","protein_coding",41.9376611,1.224648774,0.26988246,4.537711613,5.69e-06,3.98e-05
"SMAD2","ENSG00000175387","SMAD2","protein_coding",488.9376443,-0.225568042,0.097692009,-2.308971274,0.020945175,0.055037354
"SMAD4","ENSG00000141646","SMAD4","protein_coding",242.1426432,-0.276270316,0.131798842,-2.096151313,0.03606877,0.086606717
"SMTN","ENSG00000183963","SMTN","protein_coding",672.5919342,0.523818832,0.143048099,3.661837073,0.000250413,0.001185274
"SMYD4","ENSG00000186532","SMYD4","protein_coding",287.3407718,0.658545917,0.130521378,5.045502326,4.52e-07,4.05e-06
"SNAI2","ENSG00000019549","SNAI2","protein_coding",58.98267618,-0.637912738,0.22512058,-2.833649144,0.004601983,0.015113919
"SNAP29","ENSG00000099940","SNAP29","protein_coding",386.6356692,-0.407491276,0.109356985,-3.726248251,0.000194351,0.000942727
"SNAPC3","ENSG00000164975","SNAPC3","protein_coding",313.5259328,-0.256905521,0.114023155,-2.253099576,0.024252871,0.062291743
"SNCA","ENSG00000145335","SNCA","protein_coding",14.95712971,1.033519727,0.328733199,3.143946919,0.001666857,0.006286345
"SNN","ENSG00000184602","SNN","protein_coding",100.5378204,0.389737487,0.176170226,2.212277836,0.026947474,0.067984007
"SNX18","ENSG00000178996","SNX18","protein_coding",309.1918405,-0.783611987,0.115567855,-6.780535867,1.2e-11,2.26e-10
"SNX2","ENSG00000205302","SNX2","protein_coding",741.9369919,-0.299207563,0.093917797,-3.185845204,0.001443318,0.00551685
"SNX5","ENSG00000089006","SNX5","protein_coding",1567.864601,-0.19336558,0.078434114,-2.465324959,0.013688904,0.038566435
"SOBP","ENSG00000112320","SOBP","protein_coding",5.960717882,0.794926508,0.36710079,2.165417591,0.03035572,0.075145886
"SOCS7","ENSG00000274211","SOCS7","protein_coding",326.5202807,-0.586035199,0.109821017,-5.33627546,9.49e-08,9.54e-07
"SORD","ENSG00000140263","SORD","protein_coding",454.7220831,0.337525537,0.121653084,2.774492245,0.005528795,0.017730532
"SORL1","ENSG00000137642","SORL1","protein_coding",4628.868983,1.002734182,0.184534913,5.433845364,5.52e-08,5.8e-07
"SPEF2","ENSG00000152582","SPEF2","protein_coding",115.604756,-0.7163784,0.155419811,-4.609312009,4.04e-06,2.92e-05
"SPEG","ENSG00000072195","SPEG","protein_coding",442.8100125,0.342059184,0.134357782,2.545882929,0.010900174,0.031770042
"SPOCK3","ENSG00000196104","SPOCK3","protein_coding",8.560417662,0.932929956,0.364814411,2.557272764,0.010549646,0.030872846
"SPRY4","ENSG00000187678","SPRY4","protein_coding",756.1919784,1.543247265,0.107725776,14.3257011,1.51e-46,4.19e-44
"SPTLC3","ENSG00000172296","SPTLC3","protein_coding",669.7709207,0.874850138,0.122901028,7.118330494,1.09e-12,2.44e-11
"SRCIN1","ENSG00000277363","SRCIN1","protein_coding",68.99615738,0.626965087,0.219191981,2.860346824,0.004231779,0.01403391
"SRGAP2","ENSG00000266028","SRGAP2","protein_coding",627.6936861,0.371715364,0.097886132,3.797426212,0.000146206,0.000734255
"SRPRB","ENSG00000144867","SRPRB","protein_coding",1409.261404,-0.286099543,0.107376724,-2.664446557,0.007711512,0.02367842
"SSH1","ENSG00000084112","SSH1","protein_coding",744.0031525,-0.400106238,0.087629787,-4.565870253,4.97e-06,3.53e-05
"SSPN","ENSG00000123096","SSPN","protein_coding",634.2520446,-0.457920118,0.09836427,-4.655350153,3.23e-06,2.4e-05
"ST8SIA4","ENSG00000113532","ST8SIA4","protein_coding",54.61639674,0.486784069,0.221617311,2.196507424,0.028055644,0.070225689
"STAT6","ENSG00000166888","STAT6","protein_coding",672.2015713,-0.429555968,0.100652174,-4.267726696,1.97e-05,0.000123677
"STAU2","ENSG00000040341","STAU2","protein_coding",660.4796965,-0.21944511,0.099891945,-2.196824881,0.028032955,0.070190029
"STC2","ENSG00000113739","STC2","protein_coding",10302.02116,-0.700778492,0.216494304,-3.236937322,0.001208199,0.004717056
"STEAP3","ENSG00000115107","STEAP3","protein_coding",1165.965815,1.01353431,0.093568579,10.83199427,2.43e-27,2.14e-25
"STEAP4","ENSG00000127954","STEAP4","protein_coding",2448.822742,0.57556252,0.106767535,5.390800876,7.01e-08,7.25e-07
"STK24","ENSG00000102572","STK24","protein_coding",1323.42731,-0.898310727,0.08839324,-10.16266317,2.91e-24,2.05e-22
"STRA6","ENSG00000137868","STRA6","protein_coding",84.83739825,-2.15387278,0.215710465,-9.985017579,1.77e-23,1.17e-21
"STRBP","ENSG00000165209","STRBP","protein_coding",445.7930283,-0.235197385,0.10981259,-2.141807106,0.032209007,0.078784884
"STS","ENSG00000101846","STS","protein_coding",397.2459458,0.32469388,0.124363815,2.610838855,0.009032044,0.027070085
"STX16","ENSG00000124222","STX16","protein_coding",1732.086068,-0.538748167,0.083944655,-6.417897195,1.38e-10,2.2e-09
"SYAP1","ENSG00000169895","SYAP1","protein_coding",829.4548937,1.126494576,0.100229526,11.239149,2.62e-29,2.69e-27
"SYNGAP1","ENSG00000197283","SYNGAP1","protein_coding",312.3410227,0.677014825,0.163522057,4.140204911,3.47e-05,0.000205187
"SYNPO","ENSG00000171992","SYNPO","protein_coding",282.2109678,-0.41698062,0.125501546,-3.322513824,0.000892103,0.003648274
"TAB3","ENSG00000157625","TAB3","protein_coding",850.900121,-0.779328089,0.087510127,-8.905576016,5.31e-19,2.52e-17
"TADA2B","ENSG00000173011","TADA2B","protein_coding",304.8762269,-0.437098467,0.113601209,-3.84765682,0.000119253,0.000612964
"TANC2","ENSG00000170921","TANC2","protein_coding",1754.715797,-0.601156743,0.183550834,-3.275151253,0.001056054,0.004218128
"TAP1","ENSG00000168394","TAP1","protein_coding",847.0119975,0.276741608,0.096080602,2.880306766,0.003972884,0.013316089
"TBC1D30","ENSG00000111490","TBC1D30","protein_coding",171.2116033,-0.47192417,0.150672741,-3.132113799,0.001735526,0.006508418
"TBC1D5","ENSG00000131374","TBC1D5","protein_coding",1170.455433,-0.337494623,0.096308739,-3.504299048,0.000457811,0.002030388
"TBCA","ENSG00000171530","TBCA","protein_coding",337.325651,-0.26802912,0.117943514,-2.272521072,0.023055057,0.059713315
"TBL1X","ENSG00000101849","TBL1X","protein_coding",1374.818594,0.829337051,0.093088164,8.909156847,5.14e-19,2.44e-17
"TBX15","ENSG00000092607","TBX15","protein_coding",7.940565047,-0.885245453,0.364313799,-2.429898222,0.015103063,0.041869579
"TBX4","ENSG00000121075","TBX4","protein_coding",3.972880132,-1.137537961,0.363844943,-3.126436091,0.00176939,0.006608478
"TCHP","ENSG00000139437","TCHP","protein_coding",368.2912801,0.330702273,0.119802135,2.760403835,0.005772995,0.018396582
"TEAD3","ENSG00000007866","TEAD3","protein_coding",428.1239662,-0.36954681,0.103787411,-3.560613035,0.00036999,0.001680064
"TGFB2","ENSG00000092969","TGFB2","protein_coding",8274.621262,-1.390356971,0.122199339,-11.37777813,5.4e-30,5.83e-28
"TGOLN2","ENSG00000152291","TGOLN2","protein_coding",3585.879773,0.244026816,0.098440322,2.478931519,0.01317766,0.037366667
"THRA","ENSG00000126351","THRA","protein_coding",246.8410452,0.532215129,0.136890165,3.887898941,0.000101116,0.000529226
"TIPRL","ENSG00000143155","TIPRL","protein_coding",1071.273118,-0.640070945,0.093839593,-6.820904956,9.05e-12,1.74e-10
"TK2","ENSG00000166548","TK2","protein_coding",200.8677974,-0.397688546,0.139236257,-2.856213995,0.004287261,0.014192429
"TM4SF1","ENSG00000169908","TM4SF1","protein_coding",10235.73285,0.783061797,0.092418959,8.472956303,2.39e-17,9.49e-16
"TMEM104","ENSG00000109066","TMEM104","protein_coding",785.7352004,0.682461681,0.101143293,6.747473417,1.5e-11,2.78e-10
"TMEM11","ENSG00000178307","TMEM11","protein_coding",211.860379,0.363120467,0.133337909,2.723310052,0.006463137,0.020281004
"TMEM120B","ENSG00000188735","TMEM120B","protein_coding",482.3331096,0.450649361,0.108587341,4.150109561,3.32e-05,0.000197278
"TMEM150C","ENSG00000249242","TMEM150C","protein_coding",46.27057221,0.966786403,0.239963673,4.028886501,5.6e-05,0.000316744
"TMEM181","ENSG00000146433","TMEM181","protein_coding",1304.523527,0.22948251,0.099800649,2.299408997,0.021481726,0.056269397
"TMEM185B","ENSG00000226479","TMEM185B","protein_coding",997.3024213,0.694827729,0.08902141,7.805175508,5.94e-15,1.77e-13
"TMEM194A","ENSG00000166881","TMEM194A","protein_coding",906.603984,0.546479386,0.105763,5.167018596,2.38e-07,2.24e-06
"TMEM201","ENSG00000188807","TMEM201","protein_coding",209.2164443,0.726112387,0.154683632,4.69417725,2.68e-06,2.03e-05
"TMEM209","ENSG00000146842","TMEM209","protein_coding",1063.529476,0.419648164,0.115268631,3.640610276,0.000271993,0.001274716
"TMEM241","ENSG00000134490","TMEM241","protein_coding",274.7755853,0.30833528,0.11663876,2.643506164,0.008205227,0.02497008
"TMEM43","ENSG00000170876","TMEM43","protein_coding",2364.32338,-0.30513088,0.093964424,-3.24730219,0.001165046,0.004573274
"TMTC1","ENSG00000133687","TMTC1","protein_coding",78.62282764,1.059385787,0.191417462,5.534426052,3.12e-08,3.45e-07
"TMTC3","ENSG00000139324","TMTC3","protein_coding",740.0623296,0.234674235,0.110180922,2.129898983,0.033179954,0.080742479
"TMX4","ENSG00000125827","TMX4","protein_coding",1918.247446,0.570231257,0.102048849,5.58782645,2.3e-08,2.59e-07
"TNFAIP3","ENSG00000118503","TNFAIP3","protein_coding",327.5432141,-0.807898396,0.138588912,-5.829459121,5.56e-09,6.87e-08
"TNFRSF1B","ENSG00000028137","TNFRSF1B","protein_coding",8.383378305,0.741277246,0.366177384,2.024366548,0.042932451,0.099857434
"TNFRSF9","ENSG00000049249","TNFRSF9","protein_coding",4.401475349,-1.194665433,0.363001957,-3.291071602,0.000998065,0.00401563
"TNFSF14","ENSG00000125735","TNFSF14","protein_coding",8.284822508,-0.799604228,0.361216979,-2.21363965,0.026853577,0.067788263
"TNKS","ENSG00000173273","TNKS","protein_coding",274.7225914,-0.489383031,0.119609912,-4.091492285,4.29e-05,0.000247977
"TNPO3","ENSG00000064419","TNPO3","protein_coding",1379.93,0.298779348,0.089736243,3.329528161,0.000869933,0.00356726
"TNRC6B","ENSG00000100354","TNRC6B","protein_coding",310.4653046,0.763104717,0.123320973,6.187955711,6.09e-10,8.71e-09
"TNS1","ENSG00000079308","TNS1","protein_coding",78.50711707,0.930440494,0.198084086,4.697199612,2.64e-06,2e-05
"TNS4","ENSG00000131746","TNS4","protein_coding",2911.630801,0.702486418,0.100565912,6.985333345,2.84e-12,5.93e-11
"TOLLIP","ENSG00000078902","TOLLIP","protein_coding",343.975713,0.261163162,0.122524011,2.131526391,0.033045801,0.080463549
"TOMM40","ENSG00000130204","TOMM40","protein_coding",734.2610702,0.302453845,0.113401919,2.66709635,0.007650973,0.02352013
"TOR1AIP2","ENSG00000169905","TOR1AIP2","protein_coding",660.0085544,0.183078103,0.089481174,2.045995763,0.040756787,0.09582605
"TP53RK","ENSG00000172315","TP53RK","protein_coding",340.465473,-0.549801995,0.120284799,-4.570835201,4.86e-06,3.46e-05
"TP63","ENSG00000073282","TP63","protein_coding",51.15393348,-2.881179532,0.260143707,-11.0753382,1.65e-28,1.62e-26
"TPGS2","ENSG00000134779","TPGS2","protein_coding",338.1126016,0.588179728,0.118371832,4.968916335,6.73e-07,5.79e-06
"TPRG1","ENSG00000188001","TPRG1","protein_coding",47.52255939,-1.087728009,0.234828955,-4.632001234,3.62e-06,2.65e-05
"TRA2B","ENSG00000136527","TRA2B","protein_coding",2487.097514,-0.258298812,0.07672396,-3.366599071,0.000761012,0.003184226
"TRAF3","ENSG00000131323","TRAF3","protein_coding",582.6197224,-0.562084083,0.10044694,-5.595830833,2.2e-08,2.49e-07
"TRIB3","ENSG00000101255","TRIB3","protein_coding",4424.070442,-1.092646743,0.126252552,-8.65445273,4.95e-18,2.17e-16
"TRIM13","ENSG00000204977","TRIM13","protein_coding",330.1324541,-0.395295804,0.118013032,-3.349594506,0.000809299,0.003351689
"TRIM2","ENSG00000109654","TRIM2","protein_coding",923.1881195,0.961356713,0.106669192,9.012505826,2.01e-19,9.82e-18
"TRIM27","ENSG00000204713","TRIM27","protein_coding",1169.021084,-0.25509641,0.083830397,-3.043006116,0.002342276,0.008426517
"TRIM3","ENSG00000110171","TRIM3","protein_coding",192.2397474,0.630134613,0.156554505,4.025017434,5.7e-05,0.00032156
"TRIM33","ENSG00000197323","TRIM33","protein_coding",987.8875837,-0.328121307,0.088195694,-3.720377875,0.000198925,0.000961268
"TRIOBP","ENSG00000100106","TRIOBP","protein_coding",247.8204862,-0.398487623,0.119159352,-3.344157357,0.000825329,0.003407949
"TRPC4AP","ENSG00000100991","TRPC4AP","protein_coding",2126.0342,-0.315008351,0.069009409,-4.56471599,5e-06,3.54e-05
"TRPS1","ENSG00000104447","TRPS1","protein_coding",837.2099168,-0.243297134,0.096561042,-2.519620015,0.011748158,0.033885234
"TSEN34","ENSG00000170892","TSEN34","protein_coding",523.6285028,0.476419514,0.102173334,4.662855719,3.12e-06,2.33e-05
"TSHZ3","ENSG00000121297","TSHZ3","protein_coding",4.134248082,1.067412208,0.362586314,2.943884439,0.00324121,0.011188466
"TSPAN18","ENSG00000157570","TSPAN18","protein_coding",325.762227,-1.026902101,0.135822802,-7.560601671,4.01e-14,1.06e-12
"TSPAN2","ENSG00000134198","TSPAN2","protein_coding",251.0011471,-0.419028362,0.128049733,-3.272387616,0.001066433,0.004253452
"TSPAN5","ENSG00000168785","TSPAN5","protein_coding",1100.496867,0.802334652,0.097756413,8.20748868,2.26e-16,7.86e-15
"TSPYL2","ENSG00000184205","TSPYL2","protein_coding",766.674653,-0.842235604,0.218941431,-3.846853466,0.000119644,0.000614596
"TSPYL5","ENSG00000180543","TSPYL5","protein_coding",1023.207996,-0.484739401,0.081676026,-5.934904306,2.94e-09,3.82e-08
"TSTD2","ENSG00000136925","TSTD2","protein_coding",293.6410795,-0.559661697,0.118281136,-4.731622605,2.23e-06,1.72e-05
"TTC17","ENSG00000052841","TTC17","protein_coding",2072.127147,-0.402649829,0.104401763,-3.856733993,0.000114912,0.000594326
"TULP3","ENSG00000078246","TULP3","protein_coding",313.2308614,-0.263266458,0.123765157,-2.127145192,0.033408021,0.081179874
"TXNL4B","ENSG00000140830","TXNL4B","protein_coding",168.7390975,-0.366721952,0.157426658,-2.3294781,0.019833752,0.052582211
"TYW1","ENSG00000198874","TYW1","protein_coding",414.9827398,0.391528636,0.108917984,3.594710652,0.000324752,0.001495935
"TYW1B","ENSG00000277149","TYW1B","protein_coding",55.08992261,0.528748807,0.212779846,2.484957191,0.012956701,0.036793606
"UBASH3B","ENSG00000154127","UBASH3B","protein_coding",1312.922143,0.631140688,0.108875528,5.796901289,6.76e-09,8.23e-08
"UBE2QL1","ENSG00000215218","UBE2QL1","protein_coding",39.91032246,1.189259557,0.262247524,4.534874296,5.76e-06,4.03e-05
"UBE4B","ENSG00000130939","UBE4B","protein_coding",756.3638459,0.518516957,0.100906611,5.138582639,2.77e-07,2.56e-06
"UBLCP1","ENSG00000164332","UBLCP1","protein_coding",348.9494733,-0.612862617,0.11616163,-5.27594712,1.32e-07,1.29e-06
"UBXN7","ENSG00000163960","UBXN7","protein_coding",1169.020801,-0.198071023,0.090915067,-2.178638046,0.029358568,0.073070638
"UFD1L","ENSG00000070010","UFD1L","protein_coding",672.6688217,0.387367268,0.099538814,3.891620304,9.96e-05,0.000522489
"UGGT1","ENSG00000136731","UGGT1","protein_coding",3007.425686,0.432182345,0.108128879,3.996918751,6.42e-05,0.000356637
"ULK2","ENSG00000083290","ULK2","protein_coding",201.1467274,-0.756516416,0.130372774,-5.802717782,6.52e-09,7.98e-08
"UNC13D","ENSG00000092929","UNC13D","protein_coding",1194.25354,-0.817826903,0.1228944,-6.654712542,2.84e-11,5.03e-10
"USP25","ENSG00000155313","USP25","protein_coding",1081.593187,-0.950276645,0.092391803,-10.28529176,8.21e-25,6.09e-23
"USP37","ENSG00000135913","USP37","protein_coding",238.0003461,0.848001297,0.13666838,6.204809771,5.48e-10,7.9e-09
"USP38","ENSG00000170185","USP38","protein_coding",573.2562825,-0.336438517,0.114065367,-2.949523812,0.00318264,0.011013679
"VAPB","ENSG00000124164","VAPB","protein_coding",1595.213103,-0.26659904,0.085022405,-3.135632783,0.001714838,0.006438095
"VASH2","ENSG00000143494","VASH2","protein_coding",72.64712799,1.280615137,0.207950201,6.158277941,7.35e-10,1.04e-08
"VASP","ENSG00000125753","VASP","protein_coding",797.0854223,-0.25085963,0.095203059,-2.634995467,0.008413841,0.025514987
"VAV3","ENSG00000134215","VAV3","protein_coding",102.8630202,-0.649618874,0.173627032,-3.741461614,0.000182953,0.00089396
"VAX1","ENSG00000148704","VAX1","protein_coding",11.99747352,-1.052782515,0.336702606,-3.126742996,0.001767544,0.006604655
"VEGFA","ENSG00000112715","VEGFA","protein_coding",5510.100805,-0.590107295,0.117602001,-5.017833784,5.23e-07,4.62e-06
"VGLL3","ENSG00000206538","VGLL3","protein_coding",91.74048607,0.471503467,0.217914109,2.163712437,0.030486426,0.075402096
"VPS18","ENSG00000104142","VPS18","protein_coding",317.5750284,0.247592713,0.122142471,2.02708125,0.042654104,0.099340932
"VSTM4","ENSG00000165633","VSTM4","protein_coding",7.444255099,-2.392074841,0.365234842,-6.549415781,5.78e-11,9.78e-10
"VWA5B2","ENSG00000145198","VWA5B2","protein_coding",55.81463021,0.892806675,0.236754873,3.771017109,0.000162584,0.000806997
"WDR33","ENSG00000136709","WDR33","protein_coding",1124.893245,0.532820801,0.088927485,5.991632404,2.08e-09,2.77e-08
"WDR6","ENSG00000178252","WDR6","protein_coding",2924.07734,0.22282269,0.094015292,2.370068593,0.017784785,0.047921797
"WDR62","ENSG00000075702","WDR62","protein_coding",223.9895505,0.757630953,0.161269864,4.697907802,2.63e-06,2e-05
"WDR7","ENSG00000091157","WDR7","protein_coding",301.9614587,0.273544899,0.117955756,2.319046637,0.020392508,0.053857468
"WIPF3","ENSG00000122574","WIPF3","protein_coding",191.6598736,-0.338187524,0.138837509,-2.43585127,0.014856792,0.041324646
"WLS","ENSG00000116729","WLS","protein_coding",1408.6329,0.513602637,0.094222655,5.450946365,5.01e-08,5.29e-07
"WNT4","ENSG00000162552","WNT4","protein_coding",42.88953115,-0.588002747,0.228139788,-2.577379206,0.009955267,0.029392077
"WTIP","ENSG00000142279","WTIP","protein_coding",66.72688395,-1.17663717,0.200556637,-5.86685731,4.44e-09,5.61e-08
"WWC3","ENSG00000047644","WWC3","protein_coding",787.4814278,0.812047669,0.099686338,8.146027706,3.76e-16,1.27e-14
"YIF1B","ENSG00000167645","YIF1B","protein_coding",361.3397979,0.317017562,0.109203581,2.902996024,0.003696113,0.012506913
"YTHDF3","ENSG00000185728","YTHDF3","protein_coding",1255.746621,-0.185436093,0.087679861,-2.114922305,0.03443657,0.083252585
"ZBTB43","ENSG00000169155","ZBTB43","protein_coding",324.9350686,-0.320475054,0.108303503,-2.959046075,0.00308593,0.010721445
"ZC3H12C","ENSG00000149289","ZC3H12C","protein_coding",1164.552778,0.304172512,0.092891373,3.274496906,0.001058503,0.004224865
"ZC3HAV1","ENSG00000105939","ZC3HAV1","protein_coding",612.0686076,0.531560399,0.108242449,4.910831209,9.07e-07,7.58e-06
"ZC4H2","ENSG00000126970","ZC4H2","protein_coding",152.9432869,-0.44322423,0.145639981,-3.043286781,0.002340092,0.008422305
"ZDBF2","ENSG00000204186","ZDBF2","protein_coding",151.1789522,-0.844393329,0.159045319,-5.309136627,1.1e-07,1.09e-06
"ZDHHC3","ENSG00000163812","ZDHHC3","protein_coding",2132.789767,0.589698188,0.0740698,7.96138487,1.7e-15,5.4e-14
"ZFAT","ENSG00000066827","ZFAT","protein_coding",227.5833577,-0.356152266,0.124021326,-2.871701794,0.00408268,0.013614677
"ZFP91","ENSG00000186660","ZFP91","protein_coding",1871.543431,-0.231496987,0.086809414,-2.666726754,0.007659392,0.023541657
"ZFX","ENSG00000005889","ZFX","protein_coding",637.1708734,-1.556000333,0.102565401,-15.17081116,5.52e-52,2.35e-49
"ZHX3","ENSG00000174306","ZHX3","protein_coding",543.0639474,0.457922429,0.110353046,4.149612944,3.33e-05,0.000197565
"ZMYND8","ENSG00000101040","ZMYND8","protein_coding",651.2043601,-0.272984471,0.088627273,-3.080140691,0.002069028,0.007564601
"ZNF107","ENSG00000196247","ZNF107","protein_coding",177.9312814,0.537603341,0.141429924,3.801199393,0.000143997,0.000724474
"ZNF148","ENSG00000163848","ZNF148","protein_coding",562.3050447,-0.276911399,0.118493736,-2.336928595,0.019442897,0.051743997
"ZNF197","ENSG00000186448","ZNF197","protein_coding",287.8063025,-0.532283393,0.123609643,-4.306163979,1.66e-05,0.000105624
"ZNF215","ENSG00000149054","ZNF215","protein_coding",83.66950787,-0.490622136,0.182612465,-2.686684808,0.007216501,0.02236043
"ZNF275","ENSG00000063587","ZNF275","protein_coding",351.0234235,-1.130193271,0.110683493,-10.21103723,1.77e-24,1.28e-22
"ZNF343","ENSG00000088876","ZNF343","protein_coding",278.9585567,-0.778754233,0.127366907,-6.114258785,9.7e-10,1.35e-08
"ZNF365","ENSG00000138311","ZNF365","protein_coding",650.0815173,1.385774504,0.115764411,11.97064356,5.06e-33,6.38e-31
"ZNF425","ENSG00000204947","ZNF425","protein_coding",56.55974899,-0.728847598,0.221078461,-3.29678248,0.000977992,0.003945415
"ZNF439","ENSG00000171291","ZNF439","protein_coding",77.12372972,0.776622959,0.193238317,4.018990496,5.84e-05,0.000328336
"ZNF440","ENSG00000171295","ZNF440","protein_coding",257.5918588,0.46616338,0.13567798,3.435807193,0.000590791,0.002553594
"ZNF445","ENSG00000185219","ZNF445","protein_coding",490.2448139,0.245871844,0.113458621,2.167061808,0.030230142,0.074879606
"ZNF449","ENSG00000173275","ZNF449","protein_coding",238.2086191,-1.064189096,0.139330085,-7.63789887,2.21e-14,5.99e-13
"ZNF496","ENSG00000162714","ZNF496","protein_coding",1013.866982,-0.327006712,0.083503837,-3.916068103,9e-05,0.000479372
"ZNF507","ENSG00000168813","ZNF507","protein_coding",364.4561331,-0.50627838,0.11991348,-4.22203057,2.42e-05,0.000148994
"ZNF516","ENSG00000101493","ZNF516","protein_coding",47.2175227,-2.245105063,0.240307714,-9.342625843,9.4e-21,5.11e-19
"ZNF529","ENSG00000186020","ZNF529","protein_coding",154.5890051,-0.40682693,0.176724174,-2.3020446,0.021332657,0.055940612
"ZNF589","ENSG00000164048","ZNF589","protein_coding",339.5291339,0.318770597,0.132246476,2.410427916,0.01593382,0.043699085
"ZNF598","ENSG00000167962","ZNF598","protein_coding",350.6280627,-0.637960814,0.130808887,-4.877044892,1.08e-06,8.87e-06
"ZNF609","ENSG00000180357","ZNF609","protein_coding",785.7262985,-0.312670904,0.09701828,-3.222804026,0.001269424,0.004924866
"ZNF629","ENSG00000102870","ZNF629","protein_coding",330.0884783,-0.390435392,0.112062161,-3.484096587,0.000493801,0.002172778
"ZNF681","ENSG00000196172","ZNF681","protein_coding",69.88336203,2.215163202,0.254263853,8.712064945,2.98e-18,1.32e-16
"ZNF696","ENSG00000185730","ZNF696","protein_coding",111.5949842,-0.387833989,0.171256646,-2.264636139,0.023535017,0.06071056
"ZNF697","ENSG00000143067","ZNF697","protein_coding",237.3344119,0.666213726,0.124600673,5.34679077,8.95e-08,9.06e-07
"ZNF704","ENSG00000164684","ZNF704","protein_coding",628.9930267,-0.240860927,0.100163394,-2.404680161,0.016186625,0.044261011
"ZNF738","ENSG00000172687","ZNF738","protein_coding",34.35804361,2.588464647,0.315426934,8.206225811,2.28e-16,7.92e-15
"ZNF81","ENSG00000197779","ZNF81","protein_coding",111.2789122,0.674351388,0.178182644,3.784607589,0.000153951,0.000769201
"ZNF93","ENSG00000184635","ZNF93","protein_coding",15.21483584,1.987043569,0.354482911,5.605470703,2.08e-08,2.36e-07
"ZNHIT6","ENSG00000117174","ZNHIT6","protein_coding",832.7757182,-0.414585407,0.116952017,-3.544918814,0.000392734,0.001771672
"ZSWIM6","ENSG00000130449","ZSWIM6","protein_coding",217.4993369,-0.303441086,0.13212504,-2.296620581,0.021640424,0.056595936
"ZXDB","ENSG00000198455","ZXDB","protein_coding",236.4216384,-0.630548869,0.136381664,-4.62341381,3.77e-06,2.75e-05
